-- MySQL dump 10.13  Distrib 8.0.13, for Win64 (x86_64)
--
-- Host: localhost    Database: evaluation_laferme
-- ------------------------------------------------------
-- Server version	8.0.13

/*!40101 SET @OLD_CHARACTER_SET_CLIENT=@@CHARACTER_SET_CLIENT */;
/*!40101 SET @OLD_CHARACTER_SET_RESULTS=@@CHARACTER_SET_RESULTS */;
/*!40101 SET @OLD_COLLATION_CONNECTION=@@COLLATION_CONNECTION */;
 SET NAMES utf8 ;
/*!40103 SET @OLD_TIME_ZONE=@@TIME_ZONE */;
/*!40103 SET TIME_ZONE='+00:00' */;
/*!40014 SET @OLD_UNIQUE_CHECKS=@@UNIQUE_CHECKS, UNIQUE_CHECKS=0 */;
/*!40014 SET @OLD_FOREIGN_KEY_CHECKS=@@FOREIGN_KEY_CHECKS, FOREIGN_KEY_CHECKS=0 */;
/*!40101 SET @OLD_SQL_MODE=@@SQL_MODE, SQL_MODE='NO_AUTO_VALUE_ON_ZERO' */;
/*!40111 SET @OLD_SQL_NOTES=@@SQL_NOTES, SQL_NOTES=0 */;

--
-- Table structure for table `alimentation`
--

DROP TABLE IF EXISTS `alimentation`;
/*!40101 SET @saved_cs_client     = @@character_set_client */;
 SET character_set_client = utf8mb4 ;
CREATE TABLE `alimentation` (
  `fkplante` int(10) unsigned NOT NULL,
  `fkanimal` int(10) unsigned NOT NULL,
  `annee` tinyint(4) NOT NULL,
  `qtx` smallint(6) NOT NULL COMMENT 'quantite de plante consommee par an, unite kg',
  PRIMARY KEY (`fkplante`,`fkanimal`,`annee`),
  KEY `plante_idx` (`fkplante`),
  KEY `animal_idx` (`fkanimal`),
  CONSTRAINT `idanimal` FOREIGN KEY (`fkanimal`) REFERENCES `animal` (`idanimal`),
  CONSTRAINT `idplante` FOREIGN KEY (`fkplante`) REFERENCES `plante` (`idplante`)
) ENGINE=InnoDB DEFAULT CHARSET=utf8mb4 COLLATE=utf8mb4_0900_ai_ci;
/*!40101 SET character_set_client = @saved_cs_client */;

--
-- Dumping data for table `alimentation`
--

LOCK TABLES `alimentation` WRITE;
/*!40000 ALTER TABLE `alimentation` DISABLE KEYS */;
INSERT INTO `alimentation` VALUES (2,8,16,817),(4,3,17,42),(7,3,17,304),(10,4,15,70),(10,4,16,80),(10,4,17,100),(10,4,18,60),(17,7,17,72),(19,6,16,428),(30,1,15,81),(34,4,18,40),(71,5,16,863),(110,3,16,702),(122,8,18,979),(140,8,17,611),(150,2,15,693),(156,7,17,900),(158,2,18,635),(165,3,18,547),(165,8,18,550),(192,2,18,74),(195,3,18,786),(230,7,18,743);
/*!40000 ALTER TABLE `alimentation` ENABLE KEYS */;
UNLOCK TABLES;

--
-- Table structure for table `animal`
--

DROP TABLE IF EXISTS `animal`;
/*!40101 SET @saved_cs_client     = @@character_set_client */;
 SET character_set_client = utf8mb4 ;
CREATE TABLE `animal` (
  `idanimal` int(10) unsigned NOT NULL AUTO_INCREMENT,
  `nom` varchar(45) NOT NULL,
  PRIMARY KEY (`idanimal`),
  UNIQUE KEY `nom_UNIQUE` (`nom`)
) ENGINE=InnoDB AUTO_INCREMENT=9 DEFAULT CHARSET=utf8mb4 COLLATE=utf8mb4_0900_ai_ci;
/*!40101 SET character_set_client = @saved_cs_client */;

--
-- Dumping data for table `animal`
--

LOCK TABLES `animal` WRITE;
/*!40000 ALTER TABLE `animal` DISABLE KEYS */;
INSERT INTO `animal` VALUES (1,'canard'),(5,'chevre'),(3,'dinde'),(8,'mouton'),(6,'porc'),(2,'poule pondeuse'),(4,'poulet'),(7,'vache laitiere');
/*!40000 ALTER TABLE `animal` ENABLE KEYS */;
UNLOCK TABLES;

--
-- Table structure for table `culture`
--

DROP TABLE IF EXISTS `culture`;
/*!40101 SET @saved_cs_client     = @@character_set_client */;
 SET character_set_client = utf8mb4 ;
CREATE TABLE `culture` (
  `idculture` int(10) unsigned NOT NULL AUTO_INCREMENT,
  `fkplante` int(10) unsigned NOT NULL,
  `annee` tinyint(3) unsigned NOT NULL,
  `rendement` int(10) unsigned NOT NULL COMMENT 'en kg',
  `fkterrain` int(10) unsigned NOT NULL,
  `fkresponsable` int(10) unsigned NOT NULL,
  PRIMARY KEY (`idculture`),
  UNIQUE KEY `uniqueCouple` (`fkplante`,`fkterrain`,`annee`),
  KEY `plante_idx` (`fkplante`),
  KEY `terrain_idx` (`fkterrain`),
  KEY `fkresponsable` (`fkresponsable`),
  CONSTRAINT `culture_ibfk_1` FOREIGN KEY (`fkresponsable`) REFERENCES `employe` (`idemploye`),
  CONSTRAINT `plante` FOREIGN KEY (`fkplante`) REFERENCES `plante` (`idplante`),
  CONSTRAINT `terrain` FOREIGN KEY (`fkterrain`) REFERENCES `terrain` (`idterrain`)
) ENGINE=InnoDB AUTO_INCREMENT=1404 DEFAULT CHARSET=utf8mb4 COLLATE=utf8mb4_0900_ai_ci;
/*!40101 SET character_set_client = @saved_cs_client */;

--
-- Dumping data for table `culture`
--

LOCK TABLES `culture` WRITE;
/*!40000 ALTER TABLE `culture` DISABLE KEYS */;
INSERT INTO `culture` VALUES (969,171,17,4628,89,35),(970,38,15,3910,4,11),(971,107,17,2489,49,45),(972,178,15,4931,38,80),(973,60,18,5418,47,71),(974,108,18,5622,47,44),(975,117,16,5455,79,30),(976,6,15,3524,95,75),(977,133,16,5688,66,54),(978,192,16,736,56,70),(979,75,16,3373,96,1),(980,43,18,3618,91,67),(981,163,17,2957,48,79),(982,63,17,2998,56,74),(983,154,17,571,27,13),(984,38,16,651,93,62),(985,50,15,5959,16,88),(986,77,17,5301,2,22),(987,157,16,5618,93,10),(988,201,15,2647,57,8),(989,181,16,5206,17,63),(990,57,18,5412,67,82),(991,237,18,1816,12,74),(992,107,16,5928,26,79),(993,9,15,1132,41,31),(994,38,15,5582,99,67),(995,161,16,3167,98,26),(996,145,17,1476,8,42),(997,188,15,1590,97,78),(998,183,16,1117,87,91),(999,237,18,1684,22,5),(1000,243,18,3295,84,12),(1001,16,16,2956,3,98),(1002,36,18,3803,92,49),(1003,111,18,4149,34,86),(1004,179,17,1137,33,48),(1005,115,18,5793,36,81),(1006,183,16,1145,49,77),(1007,93,16,4956,31,77),(1008,14,17,4139,2,10),(1009,196,15,5689,34,28),(1010,146,18,589,30,68),(1011,69,18,1250,36,15),(1012,192,15,1031,96,3),(1013,146,17,3932,67,16),(1014,242,15,4707,23,17),(1015,41,18,3424,79,68),(1016,213,17,1798,4,43),(1017,41,16,4845,33,52),(1018,56,17,807,23,26),(1019,6,15,1287,70,9),(1020,87,18,3022,20,56),(1021,78,15,4099,17,9),(1022,172,17,2076,43,87),(1023,153,18,3213,77,65),(1024,52,16,2809,41,1),(1025,125,16,1157,4,1),(1026,179,18,3869,83,10),(1027,149,15,5400,40,19),(1028,141,17,2863,70,71),(1029,202,15,850,29,19),(1030,95,16,1850,53,85),(1031,61,17,4800,27,89),(1032,179,17,5028,68,73),(1033,143,16,5297,19,94),(1034,112,15,3129,20,76),(1035,231,17,3386,57,16),(1036,203,18,4126,73,99),(1037,224,15,769,10,55),(1038,170,18,3046,39,54),(1039,94,15,3361,68,43),(1040,171,18,2848,91,52),(1041,107,15,5364,82,87),(1042,188,16,2768,79,71),(1043,123,16,2494,62,84),(1044,19,17,475,2,93),(1045,218,17,4399,3,20),(1046,218,17,3424,5,62),(1047,65,17,6981,3,84),(1048,218,16,1399,66,78),(1049,49,18,2559,26,65),(1050,225,18,7189,2,77),(1051,1,15,3110,6,55),(1052,65,15,9638,8,33),(1053,225,16,3040,67,98),(1054,1,17,4805,3,88),(1055,2,17,7032,2,68),(1056,229,17,9427,36,22),(1057,39,16,4139,3,83),(1058,39,15,2095,5,92),(1059,51,18,8181,5,52),(1060,176,18,1300,3,60),(1061,225,15,6055,67,84),(1062,176,17,6773,6,2),(1063,192,18,3232,8,78),(1064,61,16,1675,2,88),(1065,21,17,3086,6,39),(1066,187,17,615,35,6),(1067,192,17,8815,2,47),(1068,176,16,8437,6,6),(1069,49,15,721,2,76),(1070,225,16,3738,6,43),(1071,191,17,5085,2,22),(1072,176,16,6810,8,41),(1073,5,15,9882,6,55),(1074,192,17,2994,35,36),(1075,49,16,505,3,72),(1076,187,17,2341,5,25),(1077,176,16,6295,5,89),(1078,12,15,5575,6,81),(1079,61,18,6038,34,68),(1080,21,15,9343,8,78),(1081,229,17,9765,78,80),(1082,2,16,7769,3,69),(1083,192,16,2967,7,54),(1084,39,16,456,14,78),(1085,192,18,3532,4,96),(1086,5,18,653,5,35),(1087,187,18,2140,7,33),(1088,218,18,6905,5,77),(1089,229,17,6979,8,15),(1090,5,18,4183,7,11),(1091,1,18,8428,1,76),(1092,229,18,4783,5,33),(1093,65,15,6744,2,17),(1094,61,17,2719,4,46),(1095,49,15,7794,26,53),(1096,65,18,7335,7,29),(1097,65,17,1129,8,37),(1098,49,18,9739,6,98),(1099,61,15,9419,7,95),(1100,218,16,3692,6,83),(1101,65,18,3361,5,20),(1102,225,15,2300,3,85),(1103,51,15,1780,3,45),(1104,51,16,8409,6,7),(1105,66,17,3792,8,45),(1106,225,18,3555,35,27),(1107,65,16,3871,6,62),(1108,5,16,9134,1,23),(1109,39,15,5951,14,24),(1110,39,17,9988,4,22),(1111,5,16,7827,4,23),(1112,39,15,7825,67,54),(1113,65,18,7044,2,25),(1114,1,16,9873,7,60),(1115,193,17,4529,2,47),(1116,187,16,803,3,17),(1117,5,15,7834,3,91),(1118,62,15,3454,7,79),(1119,39,17,9437,14,65),(1120,39,17,5951,67,48),(1121,49,15,2203,4,47),(1122,230,17,8735,1,27),(1123,218,18,4146,66,60),(1124,192,18,4797,2,33),(1125,2,15,4255,5,55),(1126,2,18,7566,6,29),(1127,51,15,5969,34,41),(1128,229,18,2991,78,68),(1129,39,18,8720,67,83),(1130,230,17,2066,8,32),(1131,225,17,7750,65,41),(1132,2,15,1427,8,46),(1133,187,16,6337,6,9),(1134,5,15,1312,2,72),(1135,218,16,1231,7,97),(1136,1,18,5875,5,62),(1137,1,16,3086,1,5),(1138,229,15,9189,78,43),(1139,39,17,2507,2,51),(1140,2,18,2541,7,98),(1141,40,15,8193,7,48),(1142,229,16,5650,65,83),(1143,8,15,8193,7,48),(1144,8,16,5650,3,83),(1145,78,15,5082,75,82),(1146,31,16,2800,31,75),(1147,82,18,2234,50,58),(1148,10,18,2283,20,47),(1149,40,18,4301,68,60),(1150,29,15,3913,75,11),(1151,78,16,2109,25,45),(1152,75,16,2504,35,32),(1153,80,15,2005,53,97),(1154,47,18,5058,62,25),(1155,72,17,1719,35,86),(1156,34,18,5114,22,7),(1157,76,18,5057,30,86),(1158,39,18,3033,31,64),(1159,14,15,2810,35,55),(1160,58,18,5140,14,15),(1161,74,18,5045,34,17),(1162,68,17,3129,61,58),(1163,58,15,1769,20,36),(1164,83,18,1011,34,91),(1165,63,16,2507,45,16),(1166,65,18,3510,23,93),(1167,79,18,5706,44,32),(1168,72,15,1325,28,61),(1169,57,15,4252,63,42),(1170,47,17,4784,23,92),(1171,78,16,965,63,34),(1172,47,16,1596,38,70),(1173,54,16,3710,64,70),(1174,57,18,4173,74,2),(1175,31,17,3320,66,72),(1176,54,17,3761,70,7),(1177,63,15,2032,77,98),(1178,45,18,3095,22,60),(1179,69,17,5579,27,38),(1180,29,17,5512,59,85),(1181,36,15,4895,52,31),(1182,86,16,2756,62,26),(1183,39,15,626,64,3),(1184,49,17,1522,20,58),(1185,73,16,4702,49,88),(1186,87,15,2510,46,69),(1187,53,17,3185,49,64),(1188,30,15,557,35,65),(1189,45,16,3967,49,9),(1190,28,18,1030,11,94),(1191,68,17,576,41,81),(1192,11,18,614,73,60),(1193,63,16,4301,26,46),(1194,16,17,931,64,32),(1195,36,15,4500,13,40),(1196,61,15,4378,30,34),(1197,65,18,5659,41,12),(1198,44,18,4071,32,42),(1199,84,17,4757,73,55),(1200,68,18,2739,33,85),(1201,64,16,2522,56,55),(1202,84,15,532,57,64),(1203,66,15,5448,31,60),(1204,237,18,2547,75,94),(1205,231,15,1529,79,2),(1206,127,17,2224,77,81),(1207,110,18,1499,73,88),(1208,134,18,1267,74,78),(1209,161,18,921,72,82),(1210,165,15,1760,78,56),(1211,196,15,2264,77,5),(1212,240,17,647,70,23),(1213,233,16,626,77,47),(1214,173,18,2350,71,31),(1215,140,16,1630,73,90),(1216,134,16,2012,79,52),(1217,143,15,463,77,28),(1218,219,18,2183,76,37),(1219,110,17,2079,71,49),(1220,139,16,2243,76,10),(1221,166,16,2912,76,32),(1222,215,16,1186,80,3),(1223,155,15,521,73,25),(1224,165,16,1768,73,99),(1225,117,16,543,76,39),(1226,221,18,890,71,36),(1227,106,16,1471,80,50),(1228,192,17,1483,76,9),(1229,127,18,2856,75,5),(1230,127,18,2341,74,78),(1231,212,15,2802,77,10),(1232,232,15,2825,76,40),(1233,123,18,637,78,40),(1234,209,15,1439,75,67),(1235,229,16,1193,77,34),(1236,201,18,2341,80,4),(1237,162,18,3000,76,7),(1238,192,18,2436,74,95),(1239,169,15,594,73,97),(1240,196,15,1347,74,65),(1241,229,16,421,80,88),(1242,110,16,788,71,46),(1243,220,16,2294,74,34),(1244,116,16,1502,79,74),(1245,202,18,820,72,94),(1246,237,16,2865,80,41),(1247,225,15,2764,78,55),(1248,170,17,2286,73,21),(1249,104,18,742,74,22),(1250,138,15,1965,71,58),(1251,202,15,1473,77,15),(1252,160,18,1131,77,50),(1253,214,18,1193,71,94),(1254,141,18,2209,74,5),(1255,209,15,2817,79,95),(1256,130,16,2592,77,86),(1257,170,17,2182,76,6),(1258,148,17,2338,74,83),(1259,144,15,1118,71,35),(1260,159,16,1738,70,75),(1261,139,17,2155,80,99),(1262,196,18,1391,75,92),(1263,171,18,1307,76,17),(1264,129,16,1092,73,29),(1265,198,18,607,78,74),(1266,115,15,2690,72,55),(1267,165,15,1984,71,36),(1268,149,15,1255,74,55),(1269,219,17,535,75,43),(1270,142,16,1145,72,75),(1271,210,15,2939,80,36),(1272,160,18,435,72,72),(1273,178,18,441,77,85),(1274,158,16,2715,77,98),(1275,151,16,2962,78,50),(1276,111,15,1518,79,10),(1277,197,17,2184,79,58),(1278,106,16,2763,75,5),(1279,146,17,709,78,41),(1280,219,16,2464,74,95),(1281,118,18,2637,78,64),(1282,197,17,1443,72,22),(1283,221,15,1161,77,8),(1284,112,17,2998,80,40),(1285,231,15,2458,70,42),(1286,212,17,2715,75,8),(1287,209,18,1518,76,94),(1288,184,17,1716,70,33),(1289,159,18,2169,73,99),(1290,238,18,1678,75,81),(1291,219,18,1953,77,100),(1292,181,17,630,75,36),(1293,195,16,1666,70,72),(1294,198,15,2024,79,90),(1295,179,18,1247,80,96),(1296,198,16,1054,80,2),(1297,111,16,2325,78,74),(1298,184,17,1564,80,92),(1299,217,16,2710,79,49),(1300,115,17,1529,77,82),(1301,207,17,1871,75,58),(1302,111,18,1294,73,44),(1303,179,17,2231,75,46),(1304,1,17,2524,97,44),(1305,2,15,1653,88,97),(1306,3,18,1175,98,59),(1307,5,15,1556,95,55),(1308,8,18,837,95,51),(1309,2,18,1121,97,92),(1310,4,16,636,83,8),(1311,2,18,1219,96,45),(1312,4,15,485,95,53),(1313,8,15,2009,94,49),(1314,6,15,1476,83,94),(1315,1,18,1316,83,65),(1316,4,16,2218,91,41),(1317,7,17,1609,83,52),(1318,7,18,1182,99,45),(1319,2,17,1707,94,34),(1320,1,18,1171,94,32),(1321,2,17,2062,83,88),(1322,4,15,880,88,15),(1323,1,16,2671,91,16),(1324,2,18,2983,98,65),(1325,7,17,2403,96,41),(1326,5,16,2586,89,98),(1327,3,18,2696,100,84),(1328,7,15,1953,100,41),(1329,2,17,2513,96,53),(1330,4,15,968,89,63),(1331,7,16,1086,98,37),(1332,6,15,2924,100,49),(1333,3,18,2531,92,44),(1334,8,15,2319,90,87),(1335,3,16,797,90,82),(1336,5,15,948,91,89),(1337,7,17,1490,82,86),(1338,5,16,698,91,55),(1339,7,16,623,88,29),(1340,6,17,2032,90,60),(1341,1,17,522,93,94),(1342,4,18,813,92,29),(1343,5,15,1052,94,4),(1344,7,16,2335,97,58),(1345,8,15,1317,89,14),(1346,2,18,2308,87,100),(1347,5,18,2088,97,81),(1348,7,16,1628,95,3),(1349,1,16,1849,82,46),(1350,9,17,1698,82,1),(1351,7,18,2895,94,52),(1352,1,18,660,92,7),(1353,5,17,2616,93,95),(1354,2,18,711,86,32),(1355,3,18,2931,83,34),(1356,7,16,526,93,65),(1357,5,16,1630,94,21),(1358,4,17,1097,100,47),(1359,1,18,2866,82,16),(1360,4,15,2054,96,77),(1361,5,17,2288,84,95),(1362,8,16,2729,89,63),(1363,1,17,909,94,4),(1364,6,15,2994,84,61),(1365,7,17,1670,89,16),(1366,3,18,2937,90,16),(1367,7,18,2108,100,22),(1368,5,16,2059,83,70),(1369,5,17,1310,98,98),(1370,2,17,1443,93,2),(1371,4,16,2185,84,33),(1372,6,17,1036,94,78),(1373,5,18,1045,83,69),(1374,7,17,2219,90,60),(1375,6,15,2542,88,80),(1376,5,18,1692,98,59),(1377,1,17,1922,99,37),(1378,8,16,2536,99,8),(1379,7,16,906,91,53),(1380,5,15,533,85,98),(1381,3,16,1293,88,55),(1382,7,15,2964,97,6),(1383,6,15,641,94,2),(1384,5,17,2624,82,71),(1385,8,17,671,95,50),(1386,4,18,2907,84,17),(1387,8,18,472,100,46),(1388,3,16,1390,89,86),(1389,3,17,1876,91,23),(1390,4,18,2527,85,88),(1391,3,15,1151,87,36),(1392,4,15,826,81,97),(1393,9,17,2187,89,35),(1394,3,16,1641,91,58),(1395,1,16,2504,98,6),(1396,7,18,1303,89,23),(1397,8,18,2295,82,58),(1398,6,18,1207,93,82),(1399,9,15,2586,90,4),(1400,8,17,1936,85,21),(1401,7,18,922,95,22),(1402,8,16,1612,90,53),(1403,3,15,2167,90,15);
/*!40000 ALTER TABLE `culture` ENABLE KEYS */;
UNLOCK TABLES;

--
-- Table structure for table `elevage`
--

DROP TABLE IF EXISTS `elevage`;
/*!40101 SET @saved_cs_client     = @@character_set_client */;
 SET character_set_client = utf8mb4 ;
CREATE TABLE `elevage` (
  `idelevage` int(10) unsigned NOT NULL AUTO_INCREMENT,
  `fkanimal` int(10) unsigned NOT NULL,
  `fkterrain` int(10) unsigned NOT NULL,
  `capacite` int(10) unsigned NOT NULL,
  PRIMARY KEY (`idelevage`),
  KEY `animal_idx` (`fkanimal`),
  KEY `terrain_idx` (`fkterrain`),
  CONSTRAINT `animal` FOREIGN KEY (`fkanimal`) REFERENCES `animal` (`idanimal`),
  CONSTRAINT `idterrain` FOREIGN KEY (`fkterrain`) REFERENCES `terrain` (`idterrain`)
) ENGINE=InnoDB AUTO_INCREMENT=101 DEFAULT CHARSET=utf8mb4 COLLATE=utf8mb4_0900_ai_ci;
/*!40101 SET character_set_client = @saved_cs_client */;

--
-- Dumping data for table `elevage`
--

LOCK TABLES `elevage` WRITE;
/*!40000 ALTER TABLE `elevage` DISABLE KEYS */;
INSERT INTO `elevage` VALUES (1,3,4,868),(2,4,10,2889),(3,5,10,1628),(4,7,2,230),(5,7,25,213),(6,1,21,2544),(7,4,25,454),(8,3,2,1471),(9,5,20,2352),(10,5,6,2237),(11,1,1,1560),(12,1,1,2220),(13,8,17,1274),(14,1,6,986),(15,5,11,2170),(16,8,18,1112),(17,6,20,830),(18,3,25,2121),(19,2,7,1686),(20,5,12,2902),(21,1,13,1204),(22,5,19,2642),(23,4,6,2579),(24,5,11,1911),(25,5,15,2067),(26,6,7,1053),(27,3,23,2568),(28,2,8,1037),(29,3,19,2734),(30,7,24,207),(31,4,13,2525),(32,5,25,2041),(33,8,22,1913),(34,6,1,536),(35,1,3,1225),(36,3,23,929),(37,6,7,304),(38,8,20,2636),(39,3,15,2124),(40,5,18,1252),(41,1,10,404),(42,1,16,589),(43,2,7,552),(44,5,3,1397),(45,5,8,1779),(46,5,17,1586),(47,3,24,1082),(48,3,20,1329),(49,6,5,2132),(50,7,15,120),(51,4,3,68),(52,3,23,2889),(53,5,23,2369),(54,5,10,2395),(55,3,17,2693),(56,5,5,1463),(57,6,17,246),(58,6,22,510),(59,3,25,1711),(60,5,19,2660),(61,1,4,1055),(62,5,15,1987),(63,8,24,341),(64,3,7,220),(65,3,5,1846),(66,5,10,1456),(67,8,1,993),(68,7,16,130),(69,1,19,2346),(70,3,23,1536),(71,4,12,2278),(72,5,16,2555),(73,8,13,198),(74,7,11,96),(75,3,2,2690),(76,1,13,2951),(77,5,22,1639),(78,3,23,2374),(79,1,21,1496),(80,1,11,1876),(81,6,1,2022),(82,5,13,2404),(83,1,21,1955),(84,8,10,673),(85,5,21,2341),(86,2,16,69),(87,1,13,1475),(88,5,22,1543),(89,8,15,1147),(90,3,2,2995),(91,8,19,364),(92,5,6,1623),(93,8,21,864),(94,6,3,184),(95,3,24,2904),(96,1,7,1489),(97,5,2,2262),(98,5,7,1260),(99,6,12,523),(100,3,9,1110);
/*!40000 ALTER TABLE `elevage` ENABLE KEYS */;
UNLOCK TABLES;

--
-- Table structure for table `employe`
--

DROP TABLE IF EXISTS `employe`;
/*!40101 SET @saved_cs_client     = @@character_set_client */;
 SET character_set_client = utf8mb4 ;
CREATE TABLE `employe` (
  `idemploye` int(10) unsigned NOT NULL,
  `nom` varchar(45) NOT NULL,
  `fkposte` smallint(5) unsigned NOT NULL,
  PRIMARY KEY (`idemploye`),
  KEY `poste_idx` (`fkposte`),
  CONSTRAINT `poste` FOREIGN KEY (`fkposte`) REFERENCES `poste` (`idposte`)
) ENGINE=InnoDB DEFAULT CHARSET=utf8mb4 COLLATE=utf8mb4_0900_ai_ci;
/*!40101 SET character_set_client = @saved_cs_client */;

--
-- Dumping data for table `employe`
--

LOCK TABLES `employe` WRITE;
/*!40000 ALTER TABLE `employe` DISABLE KEYS */;
INSERT INTO `employe` VALUES (1,'Bennett',7),(2,'Gross',4),(3,'Burris',8),(4,'Solomon',4),(5,'Nash',3),(6,'David',5),(7,'Serrano',10),(8,'Wheeler',6),(9,'Perez',4),(10,'Stafford',3),(11,'Reeves',9),(12,'Santana',10),(13,'Hawkins',2),(14,'Dorsey',2),(15,'Hogan',6),(16,'Yates',4),(17,'Levine',1),(18,'Pope',7),(19,'Shields',1),(20,'Holland',9),(21,'Rocha',4),(22,'Boyd',3),(23,'Paul',3),(24,'Beck',10),(25,'Booth',1),(26,'Lancaster',3),(27,'Mclean',7),(28,'Crosby',2),(29,'Gibson',5),(30,'Horn',6),(31,'Hayden',10),(32,'Sanchez',7),(33,'Woods',5),(34,'Valencia',2),(35,'Patterson',8),(36,'Allen',10),(37,'Roach',9),(38,'Baird',6),(39,'Martinez',8),(40,'Gordon',8),(41,'Horne',1),(42,'Bender',1),(43,'Kim',4),(44,'Ayala',8),(45,'Nieves',8),(46,'Gamble',7),(47,'Mercado',1),(48,'Fletcher',3),(49,'Kirby',4),(50,'Mcneil',3),(51,'Harvey',1),(52,'Cherry',7),(53,'Waller',7),(54,'Hickman',7),(55,'Case',8),(56,'Levine',7),(57,'Mays',5),(58,'Dennis',9),(59,'England',2),(60,'Freeman',10),(61,'Callahan',7),(62,'Wolfe',9),(63,'Munoz',8),(64,'Barron',4),(65,'Ramirez',2),(66,'Rivers',1),(67,'Reid',2),(68,'Levy',8),(69,'Fletcher',5),(70,'Boyer',5),(71,'Jones',6),(72,'Haynes',10),(73,'Jackson',6),(74,'Hendrix',6),(75,'Paul',9),(76,'Casey',5),(77,'England',9),(78,'Slater',7),(79,'Dominguez',10),(80,'Clark',3),(81,'Glenn',7),(82,'Lamb',5),(83,'Morales',6),(84,'Walsh',1),(85,'Ewing',2),(86,'Frost',1),(87,'Grimes',8),(88,'Gilbert',9),(89,'Mann',2),(90,'Acevedo',4),(91,'Klein',10),(92,'Houston',4),(93,'Wolf',5),(94,'Carlson',1),(95,'Moses',9),(96,'Benson',4),(97,'Oneal',2),(98,'Mcdonald',4),(99,'Patterson',6),(100,'Kane',8);
/*!40000 ALTER TABLE `employe` ENABLE KEYS */;
UNLOCK TABLES;

--
-- Table structure for table `plante`
--

DROP TABLE IF EXISTS `plante`;
/*!40101 SET @saved_cs_client     = @@character_set_client */;
 SET character_set_client = utf8mb4 ;
CREATE TABLE `plante` (
  `idplante` int(10) unsigned NOT NULL AUTO_INCREMENT,
  `nom` varchar(45) NOT NULL,
  `fktype` int(10) unsigned NOT NULL,
  PRIMARY KEY (`idplante`),
  UNIQUE KEY `nom_UNIQUE` (`nom`),
  KEY `type_idx` (`fktype`),
  CONSTRAINT `type` FOREIGN KEY (`fktype`) REFERENCES `type_plante` (`idtype_plante`)
) ENGINE=InnoDB AUTO_INCREMENT=245 DEFAULT CHARSET=utf8mb4 COLLATE=utf8mb4_0900_ai_ci;
/*!40101 SET character_set_client = @saved_cs_client */;

--
-- Dumping data for table `plante`
--

LOCK TABLES `plante` WRITE;
/*!40000 ALTER TABLE `plante` DISABLE KEYS */;
INSERT INTO `plante` VALUES (1,'Blé tendre dhiver',1),(2,'Blé tendre de printemps',1),(3,'Maïs doux',1),(4,'Maïs ensilage',1),(5,'Maïs',1),(6,'Orge d\'hiver',1),(7,'Orge de printemps',1),(8,'Avoine dhiver',1),(9,'Avoine de printemps',1),(10,'Blé dur dhiver',1),(11,'Blé dur de printemps',1),(12,'Blé dur de printemps semé tardivement ',1),(13,'Autre céréale dun autre genre',1),(14,'Fagopyrum',1),(15,'Phalaris',1),(16,'Sorghum',1),(17,'Panicum',1),(18,'Setaria',1),(19,'Avena',1),(20,'Hordeum',1),(21,'Secale',1),(22,'Triticum',1),(27,'Zea',1),(28,'Épeautre',1),(29,'Mélange de céréales',1),(30,'Millet',1),(31,'Seigle dhiver',1),(32,'Seigle de printemps',1),(33,'Sorgho',1),(34,'Sarrasin',1),(35,'Triticale dhiver',1),(36,'Triticale de printemps',1),(37,'Colza dhiver',1),(38,'Colza de printemps',1),(39,'Tournesol',1),(40,'Arachide ',1),(41,'Lin non textile dhiver',1),(42,'Lin non textile de printemps',1),(43,'Mélange doléagineux',1),(44,'Navette dété',1),(45,'Navette dhiver',1),(46,'Autre oléagineux dun autre genre',1),(47,'Autre oléagineux despèce Helianthus',1),(48,'illette',1),(49,'Soja',1),(50,'Fève',1),(51,'Lupin doux dhiver',1),(52,'Lupin doux de printemps ',1),(53,'Autre protéagineux dun autre genre',1),(54,'Pois dhiver',1),(55,'Pois de printemps semé avant le 31/05',1),(56,'Chanvre',1),(57,'Lin fibres',1),(58,'Jachère de 5 ans ou moins',1),(59,'Jachère de 6 ans ou plus',1),(60,'Jachère noire',1),(61,'Riz',1),(62,'Lentille cultivée (non fourragère)',1),(63,'Pois chiche',1),(64,'Betterave fourragère',1),(65,'Carotte fourragère',1),(66,'Chou fourrager',1),(67,'Dactyle de 5 ans ou moins',1),(68,'Autre fourrage annuel dun autre genre',1),(69,'Fétuque de 5 ans ou moins',1),(70,'Féverole fourragère ',1),(71,'Autre féverole fourragère',1),(72,'Fléole de 5 ans ou moins',1),(73,'Gaillet',1),(74,'Gesse',1),(75,'Jarosse ',1),(76,'Jarosse déshydratée',1),(77,'Autre jarosse',1),(78,'Lentille fourragère',1),(79,'Autre lupin fourrager dhiver',1),(80,'Autre lupin fourrager de printemps',1),(81,'Lupin fourrager dhiver ',1),(82,'Lotier',1),(83,'Lupin fourrager de printemps ',1),(84,'Luzerne ',1),(85,'Luzerne déshydratée',1),(86,'Autre luzerne',1),(87,'Mélilot ',1),(88,'Mélilot déshydraté',1),(89,'Autre mélilot',1),(90,'Minette',1),(91,'Moha',1),(92,'Navet fourrager',1),(93,'Pâturin commun de 5 ans ou moins',1),(94,'Autre pois fourrager dhiver',1),(95,'Autre pois fourrager de printemps',1),(96,'Pois fourrager dhiver ',1),(97,'Pois fourrager de printemps ',1),(98,'Radis fourrager',1),(99,'Sainfoin ',1),(100,'Sainfoin déshydraté',1),(101,'Autre sainfoin',1),(102,'Serradelle ',1),(103,'Serradelle déshydratée',1),(104,'Autre serradelle',1),(105,'Trèfle ',1),(106,'Trèfle déshydraté',1),(107,'Autre trèfle',1),(108,'Vesce ',1),(109,'Vesce déshydratée',1),(110,'Autre vesce',1),(111,'X-Felium de 5 ans ou moins',1),(112,'Bois pâturé',1),(113,'Prairie en rotation longue (6 ans ou plus)',1),(114,'Autre prairie temporaire de 5 ans ou moins',1),(115,'Ray-grass de 5 ans ou moins',1),(116,'Agrume',1),(117,'Ananas',1),(118,'Avocat',1),(119,'Banane créole',1),(120,'Banane',1),(121,'Café / Cacao',1),(122,'Cerise bigarreau ',1),(123,'Petit fruit rouge',1),(124,'Prune dEnte ',1),(125,'Pêche Pavie ',1),(126,'Poire Williams ',1),(127,'Verger (DOM)',1),(128,'Verger',1),(129,'Vigne : raisins de cuve',1),(130,'Vigne : raisins de table',1),(131,'Caroube',1),(132,'Châtaigne',1),(133,'Noisette',1),(134,'Noix',1),(135,'Pistache ',1),(136,'Oliveraie ',1),(137,'Aneth',1),(138,'Angélique',1),(139,'Anis',1),(140,'Bardane',1),(141,'Basilic',1),(142,'Bourrache de 5 ans ou moins',1),(143,'Betterave non fourragère / Bette',1),(144,'Carvi',1),(145,'Chardon Marie',1),(146,'Ciboulette',1),(147,'Cameline',1),(148,'Camomille',1),(149,'Coriandre',1),(150,'Cerfeuil',1),(151,'Cumin',1),(152,'Curcuma',1),(153,'Estragon',1),(154,'Fenouil',1),(155,'Fenugrec',1),(156,'Houblon',1),(157,'Lavande / Lavandin',1),(158,'Mauve',1),(159,'Mélisse',1),(160,'Millepertuis',1),(161,'Moutarde',1),(162,'Marjolaine / Origan',1),(163,'Menthe',1),(164,'Oseille',1),(165,'Plante aromatique (autre que vanille)',1),(166,'Plante médicinale',1),(167,'Autre plante à parfum',1),(168,'Persil',1),(169,'Psyllium noir de Provence',1),(170,'Plantain psyllium',1),(171,'Romarin',1),(172,'Sauge',1),(173,'Sarriette',1),(174,'Tabac',1),(175,'Thym',1),(176,'Tomate ',1),(177,'Valériane',1),(178,'Vanille sous bois',1),(179,'Vanille',1),(180,'Vanille verte',1),(181,'Ylang-ylang',1),(182,'Aïl',1),(183,'Artichaut ',1),(184,'Aubergine',1),(185,'Bleuet',1),(186,'Bugle rampante',1),(187,'Carotte',1),(188,'Concombre / Cornichon',1),(189,'Courgette / Citrouille',1),(190,'Céleri',1),(191,'Chicorée / Endive / Scarole',1),(192,'Chou',1),(193,'Courge musquée / Butternut',1),(194,'Cresson alénois de 5 ans ou moins',1),(195,'Cornille',1),(196,'Cresson',1),(197,'Culture sous serre hors sol',1),(198,'Dolique',1),(199,'Épinard',1),(200,'Autre légume ou fruit annuel',1),(201,'Autre légume ou fruit pérenne',1),(202,'Fraise',1),(203,'Géranium',1),(204,'Haricot / Flageolet',1),(205,'Horticulture ornementale de plein champ',1),(206,'Horticulture ornementale sous abri',1),(207,'Laitue / Batavia / Feuille de chêne',1),(208,'Légume sous abri',1),(209,'Mâche',1),(210,'Melon',1),(211,'Marguerite',1),(212,'Navet',1),(213,'Oignon / Échalote',1),(214,'Panais',1),(215,'Pâquerette',1),(216,'Pastèque',1),(217,'Primevère',1),(218,'Poireau',1),(219,'Potiron / Potimarron',1),(220,'Petits pois',1),(221,'Pensée',1),(222,'Pomme de terre de consommation',1),(223,'Pomme de terre féculière',1),(224,'Poivron / Piment',1),(225,'Radis',1),(226,'Roquette',1),(227,'Rutabaga',1),(228,'Salsifis',1),(229,'Tomate',1),(230,'Topinambour',1),(231,'Véronique',1),(232,'Canne à sucre - autre',1),(233,'Brome de 5 ans ou moins',1),(234,'Miscanthus',1),(235,'Autre mélange de plantes fixant lazote',1),(236,'Marais salant',1),(237,'Nyger',1),(238,'Phacélie de 5 ans ou moins',1),(239,'Pépinière',1),(240,'Roselière',1),(241,'Tubercule tropical',1),(242,'Truffière (chênaie de plants mycorhizés)',1),(243,'Vétiver',1),(244,'Culture inconnue',1);
/*!40000 ALTER TABLE `plante` ENABLE KEYS */;
UNLOCK TABLES;

--
-- Table structure for table `poste`
--

DROP TABLE IF EXISTS `poste`;
/*!40101 SET @saved_cs_client     = @@character_set_client */;
 SET character_set_client = utf8mb4 ;
CREATE TABLE `poste` (
  `idposte` smallint(5) unsigned NOT NULL AUTO_INCREMENT,
  `nom` varchar(45) NOT NULL,
  PRIMARY KEY (`idposte`),
  UNIQUE KEY `nom_UNIQUE` (`nom`)
) ENGINE=InnoDB AUTO_INCREMENT=12 DEFAULT CHARSET=utf8mb4 COLLATE=utf8mb4_0900_ai_ci;
/*!40101 SET character_set_client = @saved_cs_client */;

--
-- Dumping data for table `poste`
--

LOCK TABLES `poste` WRITE;
/*!40000 ALTER TABLE `poste` DISABLE KEYS */;
INSERT INTO `poste` VALUES (1,'auxiliaire veterinaire'),(2,'conducteur de machine agricole'),(3,'controleur laitier'),(11,'elageur'),(4,'eleveur'),(5,'horticulteur'),(6,'ingenieur agronome'),(7,'oenologue'),(8,'pepinieriste'),(9,'technicien agricole'),(10,'viticulteur');
/*!40000 ALTER TABLE `poste` ENABLE KEYS */;
UNLOCK TABLES;

--
-- Table structure for table `precipitations`
--

DROP TABLE IF EXISTS `precipitations`;
/*!40101 SET @saved_cs_client     = @@character_set_client */;
 SET character_set_client = utf8mb4 ;
CREATE TABLE `precipitations` (
  `saison` varchar(45) DEFAULT NULL,
  `annee` date DEFAULT NULL,
  `terrain` int(10) unsigned DEFAULT NULL,
  `precipitation` int(10) DEFAULT NULL,
  `idprecipitations` int(10) NOT NULL AUTO_INCREMENT,
  PRIMARY KEY (`idprecipitations`),
  KEY `FK_idterrain_precipitations` (`terrain`),
  CONSTRAINT `FK_idterrain_precipitations` FOREIGN KEY (`terrain`) REFERENCES `terrain` (`idterrain`)
) ENGINE=InnoDB AUTO_INCREMENT=2047 DEFAULT CHARSET=utf8mb4 COLLATE=utf8mb4_0900_ai_ci;
/*!40101 SET character_set_client = @saved_cs_client */;

--
-- Dumping data for table `precipitations`
--

LOCK TABLES `precipitations` WRITE;
/*!40000 ALTER TABLE `precipitations` DISABLE KEYS */;
INSERT INTO `precipitations` VALUES ('automne','2016-00-00',34,79,1024),('automne','2015-00-00',17,105,1025),('automne','2016-00-00',42,1520,1026),('automne','1999-00-00',16,18,1027),('automne','2015-00-00',30,2140,1028),('automne','2016-00-00',2,88,1029),('automne','2018-00-00',3,27,1030),('automne','2018-00-00',28,30,1031),('automne','2015-00-00',45,162,1032),('automne','2056-00-00',42,149,1033),('automne','2015-00-00',46,95,1034),('automne','2018-00-00',49,58,1035),('automne','2017-00-00',15,203,1036),('automne','2015-00-00',23,1740,1037),('automne','2015-00-00',4,113,1038),('automne','2017-00-00',16,25,1039),('automne','2015-00-00',12,105,1040),('automne','2017-00-00',47,112,1041),('automne','2016-00-00',6,85,1042),('automne','2016-00-00',10,101,1043),('automne','2016-00-00',8,52,1044),('automne','2016-00-00',10,205,1045),('automne','2015-00-00',3,148,1046),('automne','2015-00-00',39,2020,1047),('automne','2016-00-00',47,44,1048),('automne','2015-00-00',4,155,1049),('automne','2017-00-00',36,1730,1050),('automne','2017-00-00',7,101,1051),('automne','2018-00-00',19,34,1052),('automne','2017-00-00',15,13,1053),('automne','2016-00-00',35,197,1054),('automne','2018-00-00',19,2170,1055),('automne','2018-00-00',8,191,1056),('automne','2016-00-00',48,134,1057),('automne','2016-00-00',9,167,1058),('automne','2017-00-00',37,143,1059),('automne','2016-00-00',3,1360,1060),('automne','2016-00-00',45,74,1061),('automne','2016-00-00',7,109,1062),('automne','2016-00-00',23,150,1063),('automne','2018-00-00',9,139,1064),('automne','2017-00-00',4,44,1065),('automne','2016-00-00',9,163,1066),('automne','2016-00-00',6,31,1067),('automne','2015-00-00',26,126,1068),('automne','2017-00-00',44,90,1069),('automne','2015-00-00',5,210,1070),('automne','2018-00-00',29,136,1071),('automne','2016-00-00',37,12,1072),('automne','2018-00-00',4,80,1073),('automne','2015-00-00',41,210,1074),('automne','2017-00-00',11,107,1075),('automne','2016-00-00',9,177,1076),('automne','2017-00-00',25,87,1077),('automne','2015-00-00',40,16,1078),('automne','2016-00-00',22,179,1079),('automne','2016-00-00',31,150,1080),('automne','2018-00-00',41,72,1081),('automne','2016-00-00',16,34,1082),('automne','2015-00-00',24,57,1083),('automne','2017-00-00',31,205,1084),('automne','2015-00-00',12,112,1085),('automne','2018-00-00',15,211,1086),('automne','2017-00-00',44,178,1087),('automne','2017-00-00',4,66,1088),('automne','2015-00-00',41,219,1089),('automne','2017-00-00',5,71,1090),('automne','2018-00-00',38,72,1091),('automne','2015-00-00',40,176,1092),('automne','2018-00-00',11,64,1093),('automne','2016-00-00',6,186,1094),('automne','2017-00-00',14,212,1095),('automne','2018-00-00',48,148,1096),('automne','2015-00-00',33,185,1097),('automne','2017-00-00',24,10,1098),('automne','2016-00-00',9,89,1099),('automne','2017-00-00',44,100,1100),('automne','2016-00-00',39,85,1101),('automne','2017-00-00',6,179,1102),('automne','2018-00-00',39,174,1103),('automne','2017-00-00',26,35,1104),('automne','2016-00-00',22,215,1105),('automne','2018-00-00',28,211,1106),('automne','2018-00-00',9,212,1107),('automne','2015-00-00',39,163,1108),('automne','2015-00-00',40,167,1109),('automne','2017-00-00',35,209,1110),('automne','2018-00-00',25,63,1111),('automne','2017-00-00',43,112,1112),('automne','2015-00-00',33,170,1113),('automne','2016-00-00',37,108,1114),('automne','2018-00-00',23,75,1115),('automne','2018-00-00',34,162,1116),('automne','2018-00-00',18,53,1117),('automne','2018-00-00',6,92,1118),('automne','2017-00-00',22,105,1119),('automne','2017-00-00',8,32,1120),('automne','2016-00-00',35,215,1121),('automne','2018-00-00',31,196,1122),('automne','2015-00-00',2,115,1123),('automne','2017-00-00',64,151,1124),('automne','2015-00-00',29,118,1125),('automne','2016-00-00',74,107,1126),('automne','2016-00-00',62,212,1127),('automne','2015-00-00',58,53,1128),('automne','2016-00-00',42,87,1129),('automne','2018-00-00',25,53,1130),('automne','2017-00-00',39,55,1131),('automne','2018-00-00',29,197,1132),('automne','2015-00-00',49,141,1133),('automne','2018-00-00',47,203,1134),('automne','2016-00-00',21,175,1135),('automne','2017-00-00',70,167,1136),('automne','2016-00-00',75,176,1137),('automne','2015-00-00',84,16,1138),('automne','2017-00-00',11,128,1139),('automne','2016-00-00',83,13,1140),('automne','2015-00-00',6,204,1141),('automne','2016-00-00',3,76,1142),('automne','2016-00-00',7,140,1143),('automne','2018-00-00',97,116,1144),('automne','2016-00-00',9,22,1145),('automne','2015-00-00',35,36,1146),('automne','2017-00-00',98,176,1147),('automne','2018-00-00',36,90,1148),('automne','2017-00-00',91,19,1149),('automne','2016-00-00',67,214,1150),('automne','2015-00-00',25,109,1151),('automne','2016-00-00',20,77,1152),('automne','2015-00-00',69,208,1153),('automne','2016-00-00',9,148,1154),('automne','2015-00-00',46,84,1155),('automne','2016-00-00',80,203,1156),('automne','2016-00-00',63,29,1157),('automne','2015-00-00',79,160,1158),('automne','2015-00-00',62,128,1159),('automne','2016-00-00',56,150,1160),('automne','2016-00-00',48,150,1161),('automne','2015-00-00',44,68,1162),('automne','2018-00-00',63,109,1163),('automne','2018-00-00',22,38,1164),('automne','2015-00-00',47,188,1165),('automne','2016-00-00',34,134,1166),('automne','2015-00-00',34,134,1167),('automne','2016-00-00',27,26,1168),('automne','2016-00-00',38,48,1169),('automne','2017-00-00',2,189,1170),('automne','2017-00-00',23,128,1171),('automne','2016-00-00',3,42,1172),('automne','2015-00-00',26,20,1173),('automne','2017-00-00',19,120,1174),('automne','2017-00-00',72,130,1175),('automne','2017-00-00',90,45,1176),('automne','2018-00-00',43,174,1177),('automne','2015-00-00',44,157,1178),('automne','2017-00-00',43,160,1179),('automne','2017-00-00',79,71,1180),('automne','2018-00-00',94,31,1181),('automne','2017-00-00',51,54,1182),('automne','2018-00-00',85,172,1183),('automne','2017-00-00',38,71,1184),('automne','2018-00-00',60,48,1185),('automne','2017-00-00',68,68,1186),('automne','2015-00-00',14,155,1187),('automne','2017-00-00',10,67,1188),('automne','2017-00-00',38,57,1189),('automne','2017-00-00',29,80,1190),('automne','2017-00-00',58,181,1191),('automne','2018-00-00',80,182,1192),('automne','2016-00-00',39,163,1193),('automne','2017-00-00',62,68,1194),('automne','2017-00-00',31,72,1195),('automne','2016-00-00',7,163,1196),('automne','2017-00-00',67,104,1197),('automne','2018-00-00',43,66,1198),('automne','2015-00-00',65,14,1199),('automne','2017-00-00',63,23,1200),('automne','2018-00-00',11,13,1201),('automne','2018-00-00',64,179,1202),('automne','2017-00-00',51,80,1203),('automne','2016-00-00',38,67,1204),('automne','2015-00-00',25,181,1205),('automne','2018-00-00',42,44,1206),('automne','2018-00-00',99,45,1207),('automne','2017-00-00',41,200,1208),('automne','2018-00-00',54,111,1209),('automne','2016-00-00',18,25,1210),('automne','2017-00-00',94,122,1211),('automne','2017-00-00',56,136,1212),('automne','2016-00-00',72,62,1213),('automne','2017-00-00',93,151,1214),('automne','2015-00-00',90,147,1215),('automne','2017-00-00',81,97,1216),('automne','2016-00-00',72,207,1217),('automne','2015-00-00',32,190,1218),('automne','2015-00-00',32,182,1219),('automne','2016-00-00',23,198,1220),('automne','2015-00-00',26,102,1221),('automne','2016-00-00',31,185,1222),('automne','2018-00-00',82,28,1223),('hiver','2018-00-00',35,238,1224),('hiver','2015-00-00',55,181,1225),('hiver','2015-00-00',64,232,1226),('hiver','2018-00-00',31,246,1227),('hiver','2016-00-00',57,221,1228),('hiver','2017-00-00',11,127,1229),('hiver','2015-00-00',28,216,1230),('hiver','2017-00-00',86,233,1231),('hiver','2017-00-00',20,159,1232),('hiver','2018-00-00',74,249,1233),('hiver','2016-00-00',31,99,1234),('hiver','2016-00-00',72,62,1235),('hiver','2015-00-00',7,242,1236),('hiver','2017-00-00',44,206,1237),('hiver','2018-00-00',23,153,1238),('hiver','2016-00-00',72,173,1239),('hiver','2018-00-00',21,128,1240),('hiver','2018-00-00',94,11111111,1241),('hiver','2017-00-00',19,228,1242),('hiver','2015-00-00',23,187,1243),('hiver','2015-00-00',37,139,1244),('hiver','2017-00-00',73,132,1245),('hiver','2017-00-00',76,5360,1246),('hiver','2016-00-00',34,5600,1247),('hiver','2018-00-00',3,161,1248),('hiver','2018-00-00',69,172,1249),('hiver','2015-00-00',56,129,1250),('hiver','2017-00-00',89,247,1251),('hiver','2015-00-00',41,182,1252),('hiver','2015-00-00',45,9999999,1253),('hiver','2018-00-00',22,222,1254),('hiver','2015-00-00',23,9999999,1255),('hiver','2016-00-00',37,95,1256),('hiver','2016-00-00',53,97,1257),('hiver','2017-00-00',33,205,1258),('hiver','2015-00-00',76,62,1259),('hiver','2016-00-00',84,159,1260),('hiver','2017-00-00',46,225,1261),('hiver','2016-00-00',56,136,1262),('hiver','2016-00-00',80,90,1263),('hiver','2017-00-00',60,162,1264),('hiver','2015-00-00',24,174,1265),('hiver','2018-00-00',67,253,1266),('hiver','2016-00-00',37,92,1267),('hiver','2017-00-00',70,193,1268),('hiver','2017-00-00',49,114,1269),('hiver','2018-00-00',30,135,1270),('hiver','2017-00-00',79,256,1271),('hiver','2018-00-00',27,212,1272),('hiver','2018-00-00',67,77,1273),('hiver','2015-00-00',39,256,1274),('hiver','2015-00-00',53,80,1275),('hiver','2017-00-00',85,73,1276),('hiver','2015-00-00',54,118,1277),('hiver','2018-00-00',43,256,1278),('hiver','2018-00-00',93,178,1279),('hiver','2017-00-00',74,74,1280),('hiver','2015-00-00',89,201,1281),('hiver','2015-00-00',73,111,1282),('hiver','2016-00-00',73,214,1283),('hiver','2017-00-00',76,162,1284),('hiver','2017-00-00',41,168,1285),('hiver','2018-00-00',48,143,1286),('hiver','2015-00-00',28,124,1287),('hiver','2015-00-00',55,135,1288),('hiver','2018-00-00',36,169,1289),('hiver','2016-00-00',6,150,1290),('hiver','2016-00-00',83,130,1291),('hiver','2017-00-00',9,90,1292),('hiver','2017-00-00',49,233,1293),('hiver','2016-00-00',6,259,1294),('hiver','2016-00-00',92,93,1295),('hiver','2015-00-00',49,85,1296),('hiver','2015-00-00',95,157,1297),('hiver','2017-00-00',10,204,1298),('hiver','2018-00-00',89,127,1299),('hiver','2015-00-00',63,109,1300),('hiver','2017-00-00',39,127,1301),('hiver','2015-00-00',33,230,1302),('hiver','2015-00-00',97,86,1303),('hiver','2015-00-00',37,175,1304),('hiver','2017-00-00',82,218,1305),('hiver','2016-00-00',99,155,1306),('hiver','2018-00-00',43,233,1307),('hiver','2015-00-00',33,152,1308),('hiver','2016-00-00',82,260,1309),('hiver','2017-00-00',80,126,1310),('hiver','2017-00-00',20,160,1311),('hiver','2018-00-00',28,176,1312),('hiver','2017-00-00',66,136,1313),('hiver','2015-00-00',89,206,1314),('hiver','2018-00-00',99,204,1315),('hiver','2016-00-00',36,115,1316),('hiver','2018-00-00',40,186,1317),('hiver','2017-00-00',39,179,1318),('hiver','2018-00-00',34,110,1319),('hiver','2018-00-00',35,172,1320),('hiver','2016-00-00',87,219,1321),('hiver','2016-00-00',9,122,1322),('hiver','2016-00-00',92,246,1323),('printemps','2015-00-00',92,194,1324),('printemps','2016-00-00',18,243,1325),('printemps','2015-00-00',54,183,1326),('printemps','2016-00-00',86,181,1327),('printemps','2014-00-00',42,232,1328),('printemps','2016-00-00',69,173,1329),('printemps','2015-00-00',61,202,1330),('printemps','2016-00-00',92,255,1331),('printemps','2016-00-00',100,218,1332),('printemps','2015-00-00',6,209,1333),('printemps','2015-00-00',43,246,1334),('printemps','2014-00-00',28,193,1335),('printemps','2016-00-00',85,191,1336),('printemps','2016-00-00',99,195,1337),('printemps','2015-00-00',52,211,1338),('printemps','2015-00-00',12,235,1339),('printemps','2015-00-00',6,216,1340),('printemps','2014-00-00',27,212,1341),('printemps','2015-00-00',47,249,1342),('printemps','2016-00-00',88,205,1343),('printemps','2014-00-00',28,259,1344),('printemps','2014-00-00',80,197,1345),('printemps','2016-00-00',87,236,1346),('printemps','2015-00-00',88,175,1347),('printemps','2014-00-00',7,208,1348),('printemps','2016-00-00',31,226,1349),('printemps','2014-00-00',90,166,1350),('printemps','2014-00-00',48,167,1351),('printemps','2016-00-00',45,177,1352),('printemps','2015-00-00',51,172,1353),('printemps','2015-00-00',97,186,1354),('printemps','2014-00-00',56,203,1355),('printemps','2015-00-00',97,246,1356),('printemps','2014-00-00',6,230,1357),('printemps','2015-00-00',39,237,1358),('printemps','2016-00-00',8,169,1359),('printemps','2015-00-00',93,181,1360),('printemps','2015-00-00',67,254,1361),('printemps','2014-00-00',29,201,1362),('printemps','2015-00-00',23,259,1363),('printemps','2015-00-00',66,160,1364),('printemps','2014-00-00',34,173,1365),('printemps','2014-00-00',5,192,1366),('printemps','2016-00-00',18,244,1367),('printemps','2016-00-00',7,210,1368),('printemps','2015-00-00',9,238,1369),('printemps','2014-00-00',97,171,1370),('printemps','2015-00-00',84,160,1371),('printemps','2016-00-00',54,209,1372),('printemps','2015-00-00',7,179,1373),('printemps','2016-00-00',21,192,1374),('printemps','2015-00-00',1,177,1375),('printemps','2014-00-00',96,209,1376),('printemps','2015-00-00',21,254,1377),('printemps','2015-00-00',44,221,1378),('printemps','2015-00-00',12,189,1379),('printemps','2015-00-00',39,212,1380),('printemps','2014-00-00',69,184,1381),('printemps','2016-00-00',79,204,1382),('printemps','2014-00-00',79,238,1383),('printemps','2015-00-00',22,215,1384),('printemps','2016-00-00',26,212,1385),('printemps','2016-00-00',95,164,1386),('printemps','2014-00-00',45,164,1387),('printemps','2015-00-00',92,243,1388),('printemps','2015-00-00',71,222,1389),('printemps','2016-00-00',76,237,1390),('printemps','2015-00-00',17,181,1391),('printemps','2016-00-00',20,168,1392),('printemps','2015-00-00',94,209,1393),('printemps','2016-00-00',68,245,1394),('printemps','2014-00-00',58,216,1395),('printemps','2014-00-00',76,184,1396),('printemps','2015-00-00',14,257,1397),('printemps','2016-00-00',74,222,1398),('printemps','2015-00-00',52,238,1399),('printemps','2014-00-00',55,187,1400),('printemps','2016-00-00',99,214,1401),('printemps','2015-00-00',98,185,1402),('printemps','2016-00-00',35,172,1403),('printemps','2016-00-00',25,202,1404),('printemps','2016-00-00',30,223,1405),('printemps','2014-00-00',75,178,1406),('printemps','2016-00-00',4,191,1407),('printemps','2016-00-00',83,221,1408),('printemps','2014-00-00',73,260,1409),('printemps','2014-00-00',99,192,1410),('printemps','2015-00-00',16,251,1411),('printemps','2016-00-00',94,256,1412),('printemps','2014-00-00',96,253,1413),('printemps','2016-00-00',76,201,1414),('printemps','2015-00-00',50,174,1415),('printemps','2015-00-00',2,259,1416),('printemps','2015-00-00',46,172,1417),('printemps','2014-00-00',75,172,1418),('printemps','2015-00-00',39,253,1419),('printemps','2016-00-00',90,171,1420),('printemps','2016-00-00',3,208,1421),('printemps','2016-00-00',43,219,1422),('printemps','2016-00-00',4,247,1423),('printemps','2018-00-00',72,84,1424),('printemps','2017-00-00',16,93,1425),('printemps','2018-00-00',7,64,1426),('printemps','2017-00-00',63,99,1427),('printemps','2017-00-00',35,84,1428),('printemps','2017-00-00',72,65,1429),('printemps','2017-00-00',38,97,1430),('printemps','2018-00-00',11,72,1431),('printemps','2017-00-00',24,88,1432),('printemps','2017-00-00',58,72,1433),('printemps','2017-00-00',59,78,1434),('printemps','2017-00-00',15,71,1435),('printemps','2017-00-00',56,96,1436),('printemps','2017-00-00',95,70,1437),('printemps','2018-00-00',2,81,1438),('printemps','2018-00-00',46,67,1439),('printemps','2018-00-00',10,94,1440),('printemps','2018-00-00',89,80,1441),('printemps','2017-00-00',36,93,1442),('printemps','2017-00-00',9,90,1443),('printemps','2017-00-00',23,65,1444),('printemps','2017-00-00',58,89,1445),('printemps','2018-00-00',88,68,1446),('printemps','2018-00-00',49,74,1447),('printemps','2017-00-00',22,69,1448),('printemps','2017-00-00',35,60,1449),('printemps','2017-00-00',95,88,1450),('printemps','2017-00-00',89,99,1451),('printemps','2018-00-00',2,86,1452),('printemps','2017-00-00',29,73,1453),('printemps','2017-00-00',31,69,1454),('printemps','2017-00-00',59,94,1455),('printemps','2018-00-00',24,72,1456),('printemps','2018-00-00',65,85,1457),('printemps','2018-00-00',31,60,1458),('printemps','2018-00-00',19,100,1459),('printemps','2018-00-00',21,73,1460),('printemps','2017-00-00',18,82,1461),('printemps','2017-00-00',88,63,1462),('printemps','2018-00-00',67,87,1463),('printemps','2018-00-00',43,72,1464),('printemps','2018-00-00',17,76,1465),('printemps','2018-00-00',48,81,1466),('printemps','2018-00-00',97,83,1467),('printemps','2017-00-00',49,93,1468),('printemps','2018-00-00',85,64,1469),('printemps','2017-00-00',23,74,1470),('printemps','2017-00-00',50,66,1471),('printemps','2018-00-00',77,85,1472),('printemps','2017-00-00',17,93,1473),('printemps','2017-00-00',44,75,1474),('printemps','2017-00-00',39,73,1475),('printemps','2018-00-00',24,78,1476),('printemps','2018-00-00',6,86,1477),('printemps','2017-00-00',26,97,1478),('printemps','2018-00-00',66,83,1479),('printemps','2018-00-00',93,66,1480),('printemps','2034-00-00',76,90,1481),('printemps','2018-00-00',37,80,1482),('printemps','2018-00-00',14,78,1483),('printemps','2017-00-00',53,64,1484),('printemps','2017-00-00',13,67,1485),('printemps','2017-00-00',25,82,1486),('printemps','2067-00-00',95,79,1487),('printemps','2017-00-00',87,92,1488),('printemps','2017-00-00',24,68,1489),('printemps','2018-00-00',47,66,1490),('printemps','2056-00-00',33,60,1491),('printemps','2018-00-00',91,68,1492),('printemps','2018-00-00',54,81,1493),('printemps','2017-00-00',47,86,1494),('printemps','2018-00-00',88,65,1495),('printemps','2018-00-00',25,81,1496),('printemps','2017-00-00',76,85,1497),('printemps','2017-00-00',15,62,1498),('printemps','2018-00-00',13,75,1499),('printemps','2017-00-00',44,70,1500),('printemps','2018-00-00',60,75,1501),('printemps','2018-00-00',8,64,1502),('printemps','2017-00-00',48,64,1503),('printemps','2018-00-00',43,96,1504),('printemps','2017-00-00',89,82,1505),('printemps','2017-00-00',96,81,1506),('printemps','2017-00-00',41,77,1507),('printemps','2018-00-00',37,76,1508),('printemps','2017-00-00',41,61,1509),('printemps','2018-00-00',49,62,1510),('printemps','2018-00-00',73,96,1511),('printemps','2017-00-00',80,76,1512),('printemps','2018-00-00',44,65,1513),('printemps','2017-00-00',68,98,1514),('printemps','2017-00-00',40,86,1515),('printemps','2017-00-00',33,94,1516),('printemps','2017-00-00',75,97,1517),('printemps','2017-00-00',98,100,1518),('printemps','2017-00-00',98,80,1519),('printemps','2018-00-00',86,86,1520),('printemps','2017-00-00',60,79,1521),('printemps','2018-00-00',87,100,1522),('printemps','2017-00-00',50,99,1523),('ete','2017-00-00',26,29,1524),('ete','2017-00-00',42,51,1525),('ete','2018-00-00',19,54,1526),('ete','2017-00-00',21,44,1527),('ete','2017-00-00',16,35,1528),('ete','2017-00-00',18,10,1529),('ete','2018-00-00',31,72,1530),('ete','2017-00-00',31,41,1531),('ete','2018-00-00',3,70,1532),('ete','2017-00-00',35,71,1533),('ete','2017-00-00',38,31,1534),('ete','2017-00-00',48,74,1535),('ete','2018-00-00',31,36,1536),('ete','2018-00-00',39,61,1537),('ete','2017-00-00',2,34,1538),('ete','2017-00-00',23,75,1539),('ete','2018-00-00',22,26,1540),('ete','2018-00-00',19,23,1541),('ete','2017-00-00',10,18,1542),('ete','2017-00-00',34,16,1543),('ete','2018-00-00',14,6,1544),('ete','2017-00-00',45,74,1545),('ete','2017-00-00',31,29,1546),('ete','2018-00-00',48,71,1547),('ete','2017-00-00',47,12,1548),('ete','2017-00-00',14,37,1549),('ete','2017-00-00',37,51,1550),('ete','2018-00-00',24,25,1551),('ete','2017-00-00',13,60,1552),('ete','2017-00-00',21,77,1553),('ete','2018-00-00',41,14,1554),('ete','2018-00-00',8,63,1555),('ete','2017-00-00',11,46,1556),('ete','2018-00-00',27,31,1557),('ete','2018-00-00',23,15,1558),('ete','2018-00-00',1,76,1559),('ete','2018-00-00',22,73,1560),('ete','2017-00-00',13,73,1561),('ete','2017-00-00',47,8,1562),('ete','2018-00-00',37,28,1563),('ete','2018-00-00',28,15,1564),('ete','2018-00-00',32,60,1565),('ete','2017-00-00',33,49,1566),('ete','2018-00-00',9,55,1567),('ete','2018-00-00',47,31,1568),('ete','2018-00-00',47,62,1569),('ete','2017-00-00',25,63,1570),('ete','2018-00-00',15,60,1571),('ete','2017-00-00',35,50,1572),('ete','2018-00-00',1,11,1573),('ete','2017-00-00',32,1,1574),('ete','2017-00-00',10,47,1575),('ete','2018-00-00',13,34,1576),('ete','2017-00-00',49,51,1577),('ete','2018-00-00',1,50,1578),('ete','2018-00-00',34,57,1579),('ete','2017-00-00',39,77,1580),('ete','2018-00-00',48,74,1581),('ete','2017-00-00',28,10,1582),('ete','2018-00-00',48,2,1583),('ete','2018-00-00',22,5,1584),('ete','2017-00-00',17,47,1585),('ete','2018-00-00',29,60,1586),('ete','2017-00-00',49,39,1587),('ete','2018-00-00',22,78,1588),('ete','2018-00-00',9,37,1589),('ete','2017-00-00',14,32,1590),('ete','2017-00-00',12,40,1591),('ete','2017-00-00',30,67,1592),('ete','2017-00-00',8,63,1593),('ete','2018-00-00',42,73,1594),('ete','2017-00-00',24,21,1595),('ete','2017-00-00',39,52,1596),('ete','2018-00-00',4,76,1597),('ete','2018-00-00',34,6,1598),('ete','2017-00-00',24,57,1599),('ete','2018-00-00',22,27,1600),('ete','2017-00-00',22,28,1601),('ete','2017-00-00',36,26,1602),('ete','2017-00-00',38,69,1603),('ete','2018-00-00',35,65,1604),('ete','2017-00-00',9,30,1605),('ete','2018-00-00',47,41,1606),('ete','2018-00-00',30,42,1607),('ete','2018-00-00',13,30,1608),('ete','2017-00-00',3,70,1609),('ete','2017-00-00',42,57,1610),('ete','2018-00-00',30,31,1611),('ete','2018-00-00',48,33,1612),('ete','2018-00-00',28,NULL,1613),('ete','2017-00-00',24,41,1614),('ete','2018-00-00',10,32,1615),('ete','2018-00-00',50,78,1616),('ete','2018-00-00',30,79,1617),('ete','2017-00-00',17,64,1618),('ete','2018-00-00',23,21,1619),('ete','2018-00-00',32,21,1620),('ete','2017-00-00',40,7,1621),('ete','2018-00-00',11,28,1622),('ete','2017-00-00',18,32,1623),('ete','2018-00-00',80,33,1624),('ete','2018-00-00',91,18,1625),('ete','2018-00-00',86,48,1626),('ete','2017-00-00',65,26,1627),('ete','2017-00-00',73,43,1628),('ete','2017-00-00',75,10,1629),('ete','2017-00-00',88,29,1630),('ete','2018-00-00',51,39,1631),('ete','2017-00-00',85,34,1632),('ete','2017-00-00',91,45,1633),('ete','2018-00-00',82,49,1634),('ete','2018-00-00',94,24,1635),('ete','2018-00-00',83,NULL,1636),('ete','2018-00-00',67,10,1637),('ete','2018-00-00',100,22,1638),('ete','2018-00-00',92,50,1639),('ete','2018-00-00',73,50,1640),('ete','2018-00-00',72,46,1641),('ete','2017-00-00',54,43,1642),('ete','2018-00-00',94,15,1643),('ete','2018-00-00',99,39,1644),('ete','2017-00-00',55,50,1645),('ete','2018-00-00',74,29,1646),('ete','2017-00-00',83,37,1647),('ete','2018-00-00',92,37,1648),('ete','2017-00-00',52,33,1649),('ete','2017-00-00',67,16,1650),('ete','2018-00-00',69,18,1651),('ete','2018-00-00',83,16,1652),('ete','2017-00-00',89,31,1653),('ete','2018-00-00',75,36,1654),('ete','2018-00-00',54,49,1655),('ete','2017-00-00',70,18,1656),('ete','2018-00-00',77,25,1657),('ete','2018-00-00',83,NULL,1658),('ete','2017-00-00',74,50,1659),('ete','2017-00-00',95,30,1660),('ete','2017-00-00',67,49,1661),('ete','2018-00-00',68,15,1662),('ete','2018-00-00',92,47,1663),('ete','2018-00-00',79,28,1664),('ete','2018-00-00',89,10,1665),('ete','2018-00-00',87,19,1666),('ete','2017-00-00',56,NULL,1667),('ete','2018-00-00',72,18,1668),('ete','2018-00-00',58,16,1669),('ete','2018-00-00',69,40,1670),('ete','2018-00-00',95,31,1671),('ete','2017-00-00',96,32,1672),('ete','2017-00-00',98,14,1673),('ete','2017-00-00',66,20,1674),('ete','2017-00-00',51,26,1675),('ete','2018-00-00',81,10,1676),('ete','2017-00-00',62,48,1677),('ete','2017-00-00',78,19,1678),('ete','2017-00-00',54,15,1679),('ete','2018-00-00',56,20,1680),('ete','2018-00-00',79,44,1681),('ete','2018-00-00',81,48,1682),('ete','2018-00-00',66,25,1683),('ete','2018-00-00',74,49,1684),('ete','2017-00-00',78,40,1685),('ete','2018-00-00',100,10,1686),('ete','2017-00-00',70,13,1687),('ete','2017-00-00',66,48,1688),('ete','2018-00-00',96,32,1689),('ete','2018-00-00',99,49,1690),('ete','2017-00-00',99,33,1691),('ete','2018-00-00',92,3400,1692),('ete','2017-00-00',54,50,1693),('ete','2017-00-00',92,18,1694),('ete','2017-00-00',54,43,1695),('ete','2017-00-00',54,3500,1696),('ete','2017-00-00',70,13,1697),('ete','2017-00-00',58,25,1698),('ete','2017-00-00',90,50,1699),('ete','2018-00-00',52,36,1700),('ete','2017-00-00',68,50,1701),('ete','2018-00-00',79,42,1702),('ete','2018-00-00',66,2900,1703),('ete','2017-00-00',98,2800,1704),('ete','2017-00-00',97,35,1705),('ete','2017-00-00',86,43,1706),('ete','2017-00-00',92,42,1707),('ete','2018-00-00',87,37,1708),('ete','2017-00-00',69,12,1709),('ete','2017-00-00',56,48,1710),('ete','2017-00-00',78,12,1711),('ete','2018-00-00',51,17,1712),('ete','2018-00-00',68,15,1713),('ete','2018-00-00',51,23,1714),('ete','2017-00-00',73,45,1715),('ete','2018-00-00',97,50,1716),('ete','2017-00-00',82,15,1717),('ete','2018-00-00',67,31,1718),('ete','2018-00-00',69,27,1719),('ete','2017-00-00',81,4900,1720),('ete','2017-00-00',91,4700,1721),('ete','2018-00-00',96,35,1722),('ete','2017-00-00',90,42,1723);
/*!40000 ALTER TABLE `precipitations` ENABLE KEYS */;
UNLOCK TABLES;

--
-- Table structure for table `productionviande`
--

DROP TABLE IF EXISTS `productionviande`;
/*!40101 SET @saved_cs_client     = @@character_set_client */;
 SET character_set_client = utf8mb4 ;
CREATE TABLE `productionviande` (
  `fkelevage` int(10) unsigned NOT NULL,
  `annee` tinyint(4) unsigned NOT NULL,
  `quantite` int(11) unsigned NOT NULL COMMENT 'en kg pour un an',
  PRIMARY KEY (`annee`,`fkelevage`),
  KEY `idelevage` (`fkelevage`),
  CONSTRAINT `idelevage` FOREIGN KEY (`fkelevage`) REFERENCES `elevage` (`idelevage`)
) ENGINE=InnoDB DEFAULT CHARSET=utf8mb4 COLLATE=utf8mb4_0900_ai_ci;
/*!40101 SET character_set_client = @saved_cs_client */;

--
-- Dumping data for table `productionviande`
--

LOCK TABLES `productionviande` WRITE;
/*!40000 ALTER TABLE `productionviande` DISABLE KEYS */;
INSERT INTO `productionviande` VALUES (3,15,32596),(5,15,39176),(6,15,17057),(9,15,31034),(15,15,28637),(24,15,29141),(27,15,24200),(30,15,17907),(46,15,31799),(52,15,32341),(62,15,30978),(66,15,18268),(67,15,28325),(68,15,20470),(69,15,18055),(72,15,35430),(76,15,21416),(78,15,24698),(90,15,29643),(97,15,39923),(99,15,28540),(8,16,17285),(9,16,10385),(12,16,16034),(16,16,24937),(20,16,36988),(25,16,32105),(29,16,21385),(32,16,25176),(34,16,24410),(37,16,13139),(45,16,22069),(47,16,10235),(48,16,12452),(50,16,36344),(61,16,8544),(77,16,24234),(89,16,39833),(92,16,19885),(95,16,30609),(99,16,18125),(1,17,8430),(2,17,6515),(9,17,22036),(14,17,5607),(16,17,14554),(17,17,35467),(30,17,39637),(45,17,38014),(56,17,19469),(75,17,25758),(87,17,9453),(90,17,24731),(94,17,7379),(97,17,29141),(11,18,12213),(13,18,34581),(14,18,15784),(17,18,29703),(26,18,38408),(27,18,25909),(39,18,20976),(44,18,26731),(47,18,31573),(50,18,5645),(56,18,24159),(58,18,20339),(68,18,33001),(70,18,14651),(72,18,14418),(77,18,34560),(89,18,31976),(93,18,21410),(98,18,16696),(99,18,34275);
/*!40000 ALTER TABLE `productionviande` ENABLE KEYS */;
UNLOCK TABLES;

--
-- Table structure for table `produit`
--

DROP TABLE IF EXISTS `produit`;
/*!40101 SET @saved_cs_client     = @@character_set_client */;
 SET character_set_client = utf8mb4 ;
CREATE TABLE `produit` (
  `idproduit` int(10) unsigned NOT NULL,
  `nom` varchar(45) NOT NULL,
  PRIMARY KEY (`idproduit`)
) ENGINE=InnoDB DEFAULT CHARSET=utf8mb4 COLLATE=utf8mb4_0900_ai_ci;
/*!40101 SET character_set_client = @saved_cs_client */;

--
-- Dumping data for table `produit`
--

LOCK TABLES `produit` WRITE;
/*!40000 ALTER TABLE `produit` DISABLE KEYS */;
INSERT INTO `produit` VALUES (1,'Equisetum arvense L.'),(2,'Chlorhydrate de chitosane'),(3,'Saccharose/Sucre'),(4,'Hydroxyde de calcium'),(5,'Phosphate Ferrique'),(6,'Pyréthrines'),(7,'Spinosad'),(8,'Savon mou'),(9,'cuivre'),(10,'fumier'),(11,'corne broyee'),(12,'phosphate'),(13,'soufre'),(14,'ferti sol'),(15,'ferti 10'),(16,'azote'),(17,'algues');
/*!40000 ALTER TABLE `produit` ENABLE KEYS */;
UNLOCK TABLES;

--
-- Table structure for table `temperature`
--

DROP TABLE IF EXISTS `temperature`;
/*!40101 SET @saved_cs_client     = @@character_set_client */;
 SET character_set_client = utf8mb4 ;
CREATE TABLE `temperature` (
  `idtemperature` int(10) NOT NULL AUTO_INCREMENT,
  `temp_min` int(10) DEFAULT NULL,
  `temp_max` int(10) DEFAULT NULL,
  `temp_moy` int(10) DEFAULT NULL,
  `date_releve` varchar(45) DEFAULT NULL,
  `idterrain` int(10) unsigned DEFAULT NULL,
  PRIMARY KEY (`idtemperature`),
  KEY `FK_idterrain_temperature` (`idterrain`),
  CONSTRAINT `FK_idterrain_temperature` FOREIGN KEY (`idterrain`) REFERENCES `terrain` (`idterrain`)
) ENGINE=InnoDB AUTO_INCREMENT=901 DEFAULT CHARSET=utf8mb4 COLLATE=utf8mb4_0900_ai_ci;
/*!40101 SET character_set_client = @saved_cs_client */;

--
-- Dumping data for table `temperature`
--

LOCK TABLES `temperature` WRITE;
/*!40000 ALTER TABLE `temperature` DISABLE KEYS */;
INSERT INTO `temperature` VALUES (1,-4,40,29,'01/14',13),(2,-11,33,15,'01/15',11),(3,-7,40,20,'01/15',28),(4,-1,18,9,'01/15',33),(5,-11,29,28,'01/17',38),(6,-9,36,29,'01/15',38),(7,-11,38,13,'01/15',56),(8,-7,41,24,'01/15',58),(9,-2,31,14,'01/15',99),(10,-12,26,21,'01/16',6),(11,-14,38,20,'01/16',30),(12,-13,28,18,'01/16',44),(13,-14,45,13,'01/16',75),(14,1,25,24,'01/16',98),(15,-2,25,24,'01/17',28),(16,-2,42,17,'01/17',65),(17,0,29,23,'01/17',65),(18,-1,29,26,'01/17',79),(19,-12,32,16,'01/18',20),(20,-13,44,17,'01/19',19),(21,0,33,23,'01/19',20),(22,-12,35,22,'01/19',28),(23,1,32,27,'01/19',29),(24,-15,46,11,'01/19',52),(25,-8,21,12,'01/19',99),(26,-2,27,16,'02/14',74),(27,1,46,16,'02/15',19),(28,-8,38,21,'02/15',36),(29,-5,45,23,'02/16',34),(30,-13,39,14,'02/16',55),(31,-10,12,11,'02/16',62),(32,-7,21,20,'02/16',66),(33,-13,36,28,'02/16',68),(34,-11,23,18,'02/16',70),(35,-2,30,26,'02/16',86),(36,-9,23,19,'02/17',22),(37,-15,46,17,'02/17',46),(38,-4,37,28,'02/17',58),(39,-10,29,22,'02/17',62),(40,-12,16,12,'02/17',75),(41,-14,28,20,'02/17',93),(42,-2,19,17,'02/18',87),(43,-12,36,25,'02/19',22),(44,-5,22,17,'02/19',32),(45,-10,13,11,'02/19',38),(46,1,12,10,'02/19',74),(47,-15,20,11,'02/19',91),(48,-13,43,14,'03/14',14),(49,-13,19,10,'03/14',31),(50,-2,14,10,'03/14',59),(51,-10,12,11,'03/15',15),(52,2,48,12,'03/15',81),(53,-4,40,28,'03/16',3),(54,-14,36,18,'03/16',11),(55,-3,43,19,'03/16',37),(56,-11,44,24,'03/16',55),(57,-9,39,13,'03/16',65),(58,-10,16,3,'03/17',17),(59,-3,38,25,'03/17',19),(60,-7,13,11,'03/17',26),(61,-7,26,15,'03/17',50),(62,-3,20,18,'03/17',79),(63,-2,45,16,'03/17',87),(64,0,26,21,'03/17',98),(65,-6,48,15,'03/18',29),(66,2,34,21,'03/18',43),(67,-7,29,15,'03/18',50),(68,-13,48,12,'03/18',57),(69,-8,34,22,'03/18',66),(70,-1,35,12,'03/19',14),(71,-10,35,22,'03/19',74),(72,-5,28,14,'04/14',63),(73,-8,47,10,'04/14',72),(74,-1,26,13,'04/14',89),(75,-4,24,20,'04/15',24),(76,-7,28,27,'04/15',42),(77,-8,43,14,'04/15',59),(78,-15,16,1,'04/15',73),(79,-9,25,18,'04/16',45),(80,2,44,25,'04/16',69),(81,0,28,16,'04/16',71),(82,-13,26,18,'04/16',78),(83,-15,27,23,'04/16',86),(84,1,41,20,'04/17',37),(85,2,24,19,'04/17',55),(86,-3,20,12,'04/17',62),(87,-14,23,14,'04/17',89),(88,1,24,21,'04/18',12),(89,1,38,28,'04/18',31),(90,-13,23,12,'04/18',90),(91,-5,39,16,'04/18',98),(92,-9,18,10,'04/18',99),(93,-12,21,5,'04/19',2),(94,-6,33,27,'04/19',67),(95,-8,37,10,'04/19',82),(96,-12,47,27,'05/14',6),(97,-3,15,10,'05/14',18),(98,-13,35,25,'05/14',53),(99,-15,29,20,'05/14',74),(100,0,41,12,'05/14',75),(101,-5,18,11,'05/15',4),(102,-5,41,12,'05/15',28),(103,-2,43,18,'05/15',38),(104,-5,29,23,'05/15',52),(105,-8,47,28,'05/15',81),(106,-11,23,19,'05/16',6),(107,-12,24,13,'05/16',18),(108,-6,28,24,'05/16',29),(109,0,45,27,'05/16',37),(110,-12,47,23,'05/16',59),(111,2,42,16,'05/18',2),(112,2,34,26,'05/17',2),(113,1,33,20,'05/17',16),(114,-11,22,12,'05/17',21),(115,-11,27,18,'05/17',64),(116,-8,14,10,'05/17',74),(117,-5,21,10,'05/18',37),(118,-1,28,19,'05/18',98),(119,-15,23,15,'05/19',8),(120,-3,42,21,'05/19',25),(121,-11,27,10,'05/19',66),(122,-4,41,23,'05/19',99),(123,-4,31,25,'06/14',28),(124,-9,41,23,'06/14',36),(125,-12,24,16,'06/14',43),(126,-1,28,14,'06/14',77),(127,-12,43,21,'06/14',77),(128,-6,34,25,'06/15',15),(129,-2,22,10,'06/15',20),(130,-15,37,13,'06/15',38),(131,-4,41,21,'06/15',42),(132,-15,45,28,'06/15',81),(133,-13,32,21,'06/16',19),(134,-1,24,22,'06/16',26),(135,-3,46,24,'06/16',60),(136,-14,27,19,'06/16',63),(137,2,29,13,'06/16',98),(138,-14,20,19,'06/17',30),(139,-7,25,17,'06/17',47),(140,-2,23,10,'06/17',73),(141,-9,29,12,'06/17',86),(142,-2,36,16,'06/17',87),(143,-2,18,10,'06/17',100),(144,-6,12,10,'06/18',65),(145,-10,29,13,'06/19',37),(146,-1,42,11,'06/19',67),(147,-14,31,18,'06/19',84),(148,2,48,17,'06/19',93),(149,-4,20,18,'07/14',66),(150,-5,29,15,'07/14',70),(151,-14,17,11,'07/15',13),(152,-1,10,5,'07/15',23),(153,1,39,12,'07/15',90),(154,-6,28,18,'07/16',3),(155,-5,31,15,'07/16',33),(156,-8,24,11,'07/16',51),(157,0,42,16,'07/16',89),(158,-6,46,21,'07/17',12),(159,-5,45,19,'07/17',13),(160,-1,36,22,'07/17',14),(161,-5,42,17,'07/17',20),(162,-12,28,26,'07/17',60),(163,-11,28,26,'07/17',94),(164,1,33,14,'07/17',100),(165,-11,16,13,'07/18',6),(166,-8,28,18,'07/18',11),(167,-12,37,24,'07/18',15),(168,-9,22,15,'07/18',55),(169,2,22,12,'07/18',62),(170,1,25,24,'07/18',97),(171,-12,33,27,'07/19',29),(172,-12,21,11,'07/19',56),(173,-5,26,19,'07/19',72),(174,-2,45,13,'07/19',91),(175,-2,37,18,'08/14',11),(176,-5,34,10,'08/14',63),(177,-15,45,17,'08/14',68),(178,-7,26,19,'08/14',68),(179,-1,39,13,'08/15',32),(180,-10,40,23,'08/15',43),(181,2,25,11,'08/15',65),(182,-15,19,14,'08/15',89),(183,-13,39,16,'08/16',20),(184,-6,34,27,'08/16',23),(185,-8,41,15,'08/16',58),(186,-13,24,16,'08/16',74),(187,-12,33,29,'08/16',80),(188,-13,31,11,'08/16',83),(189,-4,23,13,'08/16',89),(190,2,44,11,'08/16',96),(191,-4,25,19,'08/17',15),(192,-3,40,23,'08/17',38),(193,-6,42,19,'08/17',70),(194,-13,33,26,'08/17',98),(195,-6,15,14,'08/18',21),(196,2,28,26,'08/18',58),(197,-12,13,12,'08/18',84),(198,-3,19,15,'08/19',81),(199,0,45,29,'09/14',20),(200,-9,41,17,'09/14',21),(201,-11,41,26,'09/14',37),(202,1,33,26,'09/14',70),(203,-5,23,12,'09/14',74),(204,-8,27,23,'09/14',86),(205,0,30,22,'09/16',13),(206,1,21,10,'09/16',32),(207,-14,46,15,'09/16',83),(208,-9,34,15,'09/17',20),(209,2,41,22,'09/17',67),(210,-15,40,10,'09/17',87),(211,0,17,11,'09/18',5),(212,-8,40,29,'09/18',54),(213,-12,47,13,'09/18',70),(214,-13,29,23,'10/14',8),(215,0,29,27,'10/14',25),(216,-9,26,13,'10/14',51),(217,-7,23,21,'10/14',64),(218,-12,40,26,'10/14',68),(219,-3,34,10,'10/15',13),(220,-13,22,13,'10/15',25),(221,-10,15,13,'10/15',40),(222,-15,23,17,'10/15',48),(223,-15,45,26,'10/15',52),(224,-1,45,20,'10/15',56),(225,-5,45,24,'10/16',2),(226,-2,20,16,'10/16',21),(227,0,43,23,'10/16',50),(228,-2,17,8,'10/16',57),(229,-14,33,18,'10/16',63),(230,-7,30,21,'10/16',63),(231,-11,27,25,'10/16',98),(232,-9,44,25,'10/17',3),(233,-11,27,21,'10/17',9),(234,-6,17,12,'10/17',66),(235,-15,28,24,'10/18',1),(236,-6,46,13,'10/18',17),(237,0,24,11,'10/18',30),(238,-13,24,16,'10/18',42),(239,-10,26,12,'10/18',59),(240,-15,30,29,'10/18',99),(241,-13,26,10,'10/19',40),(242,-1,26,13,'10/19',78),(243,-8,32,10,'11/14',30),(244,-6,34,12,'11/14',34),(245,-5,25,20,'11/14',65),(246,-11,41,19,'11/15',1),(247,-1,43,28,'11/15',19),(248,-15,48,14,'11/16',33),(249,2,44,19,'11/15',33),(250,-6,26,19,'11/15',38),(251,-10,25,21,'11/15',63),(252,-15,21,19,'11/15',74),(253,-12,13,1,'11/15',95),(254,-14,26,12,'11/15',97),(255,0,34,14,'11/16',1),(256,-12,31,29,'11/16',14),(257,-14,41,16,'11/16',23),(258,-5,41,16,'11/16',60),(259,-12,37,12,'11/17',22),(260,-1,30,24,'11/17',38),(261,-9,32,12,'11/17',47),(262,-1,40,12,'11/18',5),(263,-14,32,26,'11/18',29),(264,-3,44,19,'11/18',46),(265,-1,34,10,'11/18',89),(266,-14,44,27,'11/18',95),(267,-8,39,12,'11/18',96),(268,-15,15,13,'11/19',29),(269,2,31,18,'11/19',32),(270,1,32,13,'11/19',44),(271,-7,24,19,'11/19',70),(272,-15,23,4,'11/19',89),(273,-9,27,23,'11/19',100),(274,-4,20,18,'12/14',45),(275,2,32,27,'12/14',72),(276,-11,38,19,'12/14',92),(277,-10,41,10,'12/15',21),(278,-8,43,25,'12/15',23),(279,0,35,17,'12/15',50),(280,-1,31,26,'12/15',55),(281,-9,26,13,'12/15',63),(282,-12,13,11,'12/15',84),(283,-4,46,16,'12/15',85),(284,1,22,14,'12/15',100),(285,-4,28,16,'12/16',25),(286,-6,47,22,'12/16',31),(287,-13,26,12,'12/16',73),(288,-13,47,23,'12/16',89),(289,1,22,16,'12/16',98),(290,-12,41,26,'12/17',9),(291,-11,21,10,'12/17',54),(292,-3,22,10,'12/17',58),(293,-13,34,11,'12/17',88),(294,-10,23,14,'12/17',93),(295,-11,35,25,'12/18',44),(296,-8,46,24,'12/18',61),(297,-7,27,16,'12/18',83),(298,-4,29,21,'12/18',90),(299,2,40,18,'12/19',40),(300,-13,12,-1,'12/19',95),(301,-8,46,16,'05/17',7),(302,-1,26,25,'07/17',18),(303,0,45,24,'11/18',97),(304,-2,25,14,'08/18',1),(305,-1,28,23,'02/16',79),(306,-7,20,18,'05/15',29),(307,0,33,29,'07/14',24),(308,-13,45,18,'01/16',52),(309,-6,28,16,'03/15',62),(310,-8,34,16,'02/17',74),(311,-8,23,22,'09/17',35),(312,-1,28,11,'06/16',62),(313,-10,42,14,'12/14',97),(314,-4,35,21,'01/14',81),(315,-11,39,26,'05/15',43),(316,-1,13,12,'12/19',89),(317,-2,44,23,'07/18',10),(318,-4,28,20,'06/18',50),(319,-15,29,15,'04/14',51),(320,2,31,16,'04/19',76),(321,-11,22,17,'01/15',44),(322,-11,31,12,'06/16',86),(323,-6,25,13,'01/16',57),(324,-6,20,16,'11/16',96),(325,0,17,16,'01/18',54),(326,-13,21,14,'07/14',76),(327,-2,29,16,'12/17',39),(328,-11,29,21,'11/19',90),(329,-14,42,22,'06/19',30),(330,-15,28,11,'06/14',40),(331,-14,28,25,'07/17',68),(332,1,32,19,'12/16',98),(333,-13,48,14,'11/17',87),(334,1,22,19,'01/18',22),(335,-5,45,16,'12/17',18),(336,1,29,28,'08/19',68),(337,-4,42,23,'05/18',72),(338,-8,19,12,'05/15',20),(339,-6,42,19,'08/17',79),(340,-13,40,18,'08/14',31),(341,-5,20,12,'04/16',88),(342,-1,32,10,'08/18',83),(343,1,45,17,'07/14',34),(344,-12,35,22,'10/15',69),(345,-11,39,12,'05/17',15),(346,-7,28,11,'05/15',8),(347,-3,33,21,'12/19',59),(348,2,44,10,'08/14',75),(349,-3,43,13,'08/16',26),(350,-6,38,13,'04/19',11),(351,1,28,14,'01/19',54),(352,-9,25,15,'10/18',32),(353,-5,42,19,'12/17',56),(354,-10,19,14,'01/18',91),(355,-5,27,21,'01/19',74),(356,-13,20,11,'07/19',95),(357,-9,35,11,'09/14',72),(358,-1,24,18,'04/14',72),(359,-15,35,27,'05/14',86),(360,-9,25,18,'01/18',36),(361,-2,37,12,'10/17',91),(362,2,23,21,'10/14',52),(363,-1,28,21,'10/17',25),(364,-13,36,11,'12/17',66),(365,-11,21,14,'02/14',60),(366,-10,22,14,'02/17',47),(367,0,25,15,'12/19',66),(368,2,42,13,'10/15',4),(369,0,24,16,'06/17',96),(370,-14,28,14,'03/14',86),(371,-13,41,24,'11/14',59),(372,-3,39,10,'05/14',31),(373,-7,23,15,'03/15',87),(374,-14,32,17,'05/19',52),(375,1,22,12,'07/14',23),(376,-10,47,19,'11/15',42),(377,-10,27,24,'09/17',51),(378,-5,25,17,'11/15',62),(379,-13,29,15,'06/14',46),(380,-4,44,23,'10/14',25),(381,1,42,26,'07/19',36),(382,-3,34,11,'09/15',68),(383,-8,41,23,'04/15',33),(384,-1,19,9,'05/18',24),(385,-5,28,22,'02/17',59),(386,-13,20,10,'05/19',99),(387,-7,32,10,'08/19',62),(388,-3,46,15,'07/19',11),(389,-2,46,10,'09/15',65),(390,-7,26,12,'11/19',95),(391,2,43,20,'08/16',67),(392,-5,15,13,'10/16',9),(393,0,34,21,'07/14',35),(394,-8,39,17,'05/15',42),(395,0,20,10,'10/15',6),(396,-2,24,12,'01/17',43),(397,-7,21,14,'04/18',85),(398,-11,29,17,'11/14',39),(399,-9,37,12,'07/19',83),(400,-2,45,26,'12/17',52),(401,1,22,19,'05/15',99),(402,-6,41,21,'07/15',95),(403,-3,23,19,'11/19',89),(404,-15,35,14,'05/17',61),(405,-12,43,16,'04/18',4),(406,-11,29,9,'04/15',19),(407,-9,43,17,'08/16',92),(408,-9,34,27,'06/19',56),(409,-10,28,18,'06/18',91),(410,-8,33,11,'03/18',84),(411,-12,34,10,'05/18',67),(412,-10,28,26,'04/14',56),(413,-4,28,12,'06/18',16),(414,-13,35,11,'11/17',77),(415,-12,34,19,'12/17',10),(416,-3,20,16,'06/16',54),(417,-2,35,18,'08/16',55),(418,-7,29,26,'06/17',50),(419,-10,27,14,'10/14',51),(420,-4,37,11,'11/14',41),(421,-6,47,17,'11/15',64),(422,-7,35,10,'09/16',87),(423,-10,36,24,'03/15',21),(424,-11,42,12,'09/18',85),(425,0,27,25,'12/17',71),(426,-8,35,12,'03/14',21),(427,1,18,16,'05/15',31),(428,-15,30,16,'03/16',5),(429,-5,41,21,'11/19',17),(430,2,25,21,'04/17',57),(431,-8,35,25,'11/15',61),(432,-1,24,22,'07/19',73),(433,0,35,26,'02/18',33),(434,-4,28,19,'10/18',77),(435,-8,21,20,'06/17',32),(436,1,42,25,'10/14',40),(437,-7,19,17,'03/18',97),(438,1,14,8,'08/16',58),(439,-1,22,15,'08/18',2),(440,-8,19,10,'03/16',2),(441,-11,29,27,'11/14',21),(442,0,26,11,'08/18',82),(443,-9,29,13,'07/15',43),(444,1,48,15,'05/14',15),(445,-12,27,20,'10/16',93),(446,-12,42,24,'03/15',38),(447,-3,45,28,'09/17',58),(448,-5,32,25,'08/18',31),(449,-11,36,24,'01/20',83),(450,-8,30,28,'07/16',17),(451,-10,37,21,'01/15',68),(452,0,28,18,'02/18',90),(453,-4,27,20,'07/19',47),(454,-10,16,15,'05/16',47),(455,-10,23,14,'09/14',49),(456,-8,27,12,'02/19',27),(457,-1,35,12,'08/15',32),(458,-8,14,13,'11/14',75),(459,-15,31,20,'08/19',60),(460,-12,29,26,'04/17',9),(461,-1,33,17,'05/17',18),(462,2,45,14,'07/14',7),(463,-2,27,13,'11/17',3),(464,-13,43,21,'01/17',74),(465,-13,26,24,'04/19',71),(466,-7,48,27,'06/17',17),(467,-9,40,12,'08/14',26),(468,-2,35,28,'01/19',31),(469,-7,43,10,'09/19',89),(470,-3,21,20,'09/17',49),(471,-5,30,15,'03/17',26),(472,-7,47,15,'06/14',16),(473,-2,28,16,'04/17',4),(474,-5,43,27,'05/18',67),(475,-1,27,10,'03/19',24),(476,-8,44,16,'12/15',63),(477,-15,17,12,'06/19',87),(478,-14,45,16,'01/19',91),(479,-14,29,28,'02/16',34),(480,-11,32,17,'07/17',1),(481,-9,46,10,'09/19',72),(482,-10,26,24,'12/15',59),(483,-9,42,10,'05/19',41),(484,-15,19,18,'05/15',78),(485,-5,23,12,'08/16',42),(486,-10,40,13,'08/17',100),(487,-5,19,15,'04/15',29),(488,-6,23,17,'11/19',96),(489,-15,26,12,'11/15',11),(490,-3,21,9,'07/19',30),(491,-7,42,29,'01/18',23),(492,-14,20,13,'04/17',23),(493,-10,19,14,'12/17',77),(494,0,16,14,'11/19',35),(495,-13,30,21,'10/15',38),(496,-6,22,11,'06/16',62),(497,-12,20,19,'02/18',52),(498,-15,29,16,'08/19',48),(499,-5,27,12,'09/16',85),(500,-2,34,27,'06/16',46),(501,-14,31,23,'07/14',31),(502,-11,28,27,'10/16',60),(503,-7,42,12,'05/14',26),(504,1,42,12,'01/16',66),(505,-12,46,27,'04/17',47),(506,-13,21,15,'01/20',23),(507,-3,46,11,'02/18',37),(508,-12,45,14,'03/18',65),(509,2,14,13,'07/19',35),(510,-5,35,10,'10/16',67),(511,-15,35,19,'05/17',18),(512,-6,18,12,'03/18',75),(513,-15,27,11,'03/19',71),(514,-2,46,21,'09/16',3),(515,-12,40,28,'03/14',50),(516,-8,26,24,'05/14',11),(517,-15,46,14,'09/14',33),(518,-9,32,26,'03/14',50),(519,-13,29,14,'07/18',89),(520,-7,28,19,'02/14',76),(521,0,15,10,'09/14',16),(522,-14,23,11,'08/14',10),(523,-6,41,26,'02/19',33),(524,-1,27,24,'08/16',11),(525,1,31,14,'12/17',17),(526,-1,46,14,'12/19',26),(527,-7,14,10,'09/15',29),(528,1,27,19,'06/15',89),(529,-15,29,14,'07/18',26),(530,-4,33,21,'08/14',17),(531,-7,46,17,'03/17',17),(532,-1,46,10,'10/19',38),(533,-8,16,13,'08/18',57),(534,-8,24,18,'07/15',81),(535,1,38,11,'11/17',78),(536,-3,28,15,'04/14',43),(537,1,19,18,'08/19',43),(538,-14,22,4,'04/15',13),(539,-14,18,2,'05/18',4),(540,-6,33,14,'02/18',96),(541,-11,27,17,'08/18',23),(542,-4,41,25,'01/14',51),(543,-8,39,16,'04/19',58),(544,-2,44,25,'06/16',5),(545,-7,41,28,'07/16',36),(546,-8,31,21,'06/18',94),(547,2,46,28,'08/18',42),(548,-4,17,14,'12/17',14),(549,-1,29,12,'08/16',36),(550,2,13,10,'01/14',61),(551,-14,20,19,'07/15',49),(552,1,38,16,'07/18',10),(553,-15,26,19,'06/15',19),(554,-2,32,22,'09/17',32),(555,-7,31,29,'10/14',46),(556,-2,24,19,'01/19',3),(557,0,19,18,'08/19',51),(558,-13,28,22,'06/19',76),(559,-12,48,15,'12/14',9),(560,-14,43,21,'04/17',50),(561,-7,29,16,'01/17',51),(562,-9,29,13,'12/15',6),(563,-9,27,22,'07/18',27),(564,-7,22,15,'02/17',18),(565,-15,39,20,'04/17',99),(566,-3,39,12,'06/19',77),(567,-9,17,13,'02/15',81),(568,-1,48,24,'08/15',69),(569,-2,28,22,'01/17',46),(570,-1,48,21,'04/17',81),(571,-2,23,11,'08/14',90),(572,-3,39,10,'10/16',79),(573,-2,48,25,'01/19',62),(574,-2,31,18,'04/18',95),(575,-13,43,28,'08/15',81),(576,2,38,21,'11/17',85),(577,-14,26,15,'02/14',57),(578,-7,21,11,'07/16',35),(579,-6,47,18,'12/16',52),(580,2,25,21,'06/17',73),(581,-5,29,26,'12/17',96),(582,-2,47,14,'09/16',44),(583,-4,21,16,'09/16',18),(584,-4,29,12,'09/17',74),(585,-10,30,25,'03/14',5),(586,-4,13,11,'04/15',33),(587,0,38,18,'07/17',18),(588,-8,39,23,'11/17',28),(589,-9,27,12,'07/16',4),(590,-11,18,13,'02/19',98),(591,-5,23,12,'05/17',30),(592,-15,15,11,'08/19',96),(593,-8,27,19,'02/14',78),(594,-13,47,22,'06/17',64),(595,-3,38,25,'06/14',30),(596,-15,39,18,'12/16',87),(597,-2,29,23,'11/18',97),(598,-6,33,24,'08/16',17),(599,-3,37,21,'06/18',70),(600,2,45,13,'08/16',60),(601,2,41,22,'04/18',64),(602,-6,28,20,'09/15',74),(603,-9,26,11,'05/19',63),(604,-14,44,21,'10/19',89),(605,-10,26,19,'12/14',89),(606,-5,14,13,'12/19',14),(607,-13,21,17,'11/17',94),(608,-7,46,10,'07/17',81),(609,-6,25,11,'04/18',21),(610,-13,41,27,'12/19',29),(611,-9,26,16,'09/17',17),(612,-11,17,11,'09/16',34),(613,0,26,19,'03/17',6),(614,-14,26,10,'02/16',72),(615,-12,30,13,'05/14',80),(616,-2,17,14,'05/18',48),(617,-14,22,17,'01/17',60),(618,-1,22,19,'02/18',44),(619,-6,27,21,'03/14',91),(620,-6,40,18,'12/19',83),(621,-5,17,15,'11/16',18),(622,-6,19,10,'05/15',66),(623,-4,29,18,'11/16',34),(624,-2,35,26,'04/19',54),(625,-6,39,21,'01/18',19),(626,-11,43,17,'10/19',27),(627,-7,18,12,'01/14',15),(628,-13,28,23,'09/19',47),(629,-14,28,27,'05/16',6),(630,-6,37,17,'10/17',5),(631,-10,35,14,'06/15',47),(632,-14,31,21,'04/19',92),(633,-13,47,13,'09/17',84),(634,-11,21,20,'07/18',59),(635,0,29,17,'09/18',68),(636,-14,24,14,'03/15',71),(637,1,28,10,'02/17',62),(638,-4,35,27,'08/14',98),(639,1,14,8,'12/17',88),(640,-1,21,14,'04/18',75),(641,-7,48,12,'05/16',66),(642,-6,19,10,'11/14',57),(643,-15,16,14,'04/19',21),(644,-2,25,18,'05/17',65),(645,-4,38,23,'02/17',63),(646,-7,23,15,'10/18',82),(647,-8,16,13,'05/14',75),(648,0,40,21,'05/15',14),(649,-10,48,21,'07/19',75),(650,-6,19,11,'04/14',82),(651,1,39,17,'08/14',72),(652,-13,33,11,'06/16',35),(653,-10,27,14,'11/19',78),(654,-5,19,16,'09/15',12),(655,-8,26,20,'04/17',75),(656,-9,28,11,'03/16',73),(657,-9,29,22,'11/15',65),(658,-6,19,15,'01/18',99),(659,0,17,12,'11/18',13),(660,-13,25,12,'12/15',38),(661,-9,24,17,'10/14',51),(662,-15,16,1,'09/18',7),(663,-13,42,10,'06/14',10),(664,-6,46,14,'12/17',80),(665,-11,41,27,'12/18',4),(666,1,33,20,'03/16',34),(667,-14,24,20,'09/15',92),(668,-9,14,13,'11/18',43),(669,-1,15,14,'05/16',72),(670,-12,39,21,'05/14',79),(671,-1,44,17,'08/19',87),(672,-15,36,21,'08/15',68),(673,-14,42,20,'09/18',60),(674,-4,40,19,'05/15',97),(675,-9,36,19,'01/19',21),(676,-6,21,16,'01/16',58),(677,-12,47,21,'03/19',59),(678,-1,28,12,'10/14',97),(679,0,24,18,'01/18',79),(680,-12,22,20,'05/15',6),(681,-12,26,16,'10/17',64),(682,2,34,11,'05/18',6),(683,-3,34,10,'02/14',63),(684,-4,48,11,'05/18',56),(685,-8,33,12,'04/15',67),(686,-9,47,16,'09/18',11),(687,-3,25,15,'07/18',16),(688,-2,16,14,'07/16',5),(689,-2,27,25,'09/16',85),(690,1,16,14,'03/17',85),(691,-10,29,26,'01/14',20),(692,-1,48,27,'12/16',87),(693,-12,24,11,'09/15',60),(694,-11,39,16,'07/16',71),(695,-9,17,10,'07/17',64),(696,1,43,29,'06/14',100),(697,-14,22,15,'03/16',49),(698,-9,31,16,'08/15',72),(699,-2,29,11,'11/16',35),(700,-12,30,17,'12/15',57),(701,-13,25,20,'10/14',53),(702,-8,20,11,'08/17',72),(703,-14,37,24,'12/18',46),(704,-6,28,10,'07/14',50),(705,-6,26,15,'04/19',36),(706,-8,46,10,'03/17',90),(707,0,23,14,'12/15',90),(708,-3,27,11,'07/19',3),(709,-2,23,21,'10/19',4),(710,-3,36,26,'11/16',52),(711,-1,22,18,'09/15',65),(712,-3,42,18,'11/17',46),(713,-14,45,25,'01/20',79),(714,-15,18,15,'04/14',81),(715,-9,37,26,'01/17',79),(716,-15,19,2,'04/19',49),(717,-12,23,12,'06/14',88),(718,0,21,15,'01/14',39),(719,-11,19,10,'03/16',82),(720,-12,38,29,'12/19',71),(721,-3,39,16,'11/16',59),(722,-13,22,10,'04/17',55),(723,2,28,12,'12/17',8),(724,2,21,12,'11/18',72),(725,-9,43,29,'05/15',69),(726,-5,18,17,'08/14',47),(727,-12,40,11,'06/15',91),(728,-12,48,12,'10/18',47),(729,-4,37,24,'04/17',11),(730,-8,36,11,'11/14',31),(731,-12,20,19,'08/16',75),(732,-2,19,9,'12/17',68),(733,-15,14,13,'10/18',14),(734,1,21,12,'07/14',19),(735,-7,34,22,'08/17',53),(736,-1,36,19,'01/16',82),(737,-5,41,11,'03/15',48),(738,-2,17,8,'12/14',62),(739,-6,16,13,'03/16',88),(740,-3,30,26,'04/15',40),(741,0,18,11,'11/19',52),(742,2,41,15,'01/19',74),(743,-9,24,16,'01/18',58),(744,-1,40,20,'05/18',9),(745,-1,45,28,'11/14',83),(746,0,41,24,'05/15',38),(747,-12,28,12,'01/15',20),(748,-12,23,22,'07/14',35),(749,-3,13,10,'11/16',66),(750,0,17,10,'01/19',43),(751,-7,26,20,'04/15',2),(752,-6,43,15,'12/18',50),(753,-15,20,19,'03/15',42),(754,-4,48,26,'10/19',87),(755,-1,22,10,'09/19',68),(756,-11,46,25,'02/17',57),(757,-7,36,17,'04/19',13),(758,-10,12,10,'10/18',100),(759,-8,42,13,'05/16',29),(760,-4,28,20,'07/17',65),(761,-10,39,17,'12/15',20),(762,2,37,19,'02/17',8),(763,-3,28,18,'05/16',89),(764,-3,25,15,'03/18',65),(765,-7,26,13,'06/17',44),(766,0,48,11,'12/15',24),(767,2,33,21,'09/14',20),(768,-9,37,17,'08/15',49),(769,-15,30,13,'04/15',4),(770,-7,20,15,'01/17',39),(771,-13,23,18,'12/15',64),(772,-2,20,15,'10/14',67),(773,-1,26,15,'02/14',7),(774,2,45,25,'08/19',48),(775,-9,26,14,'11/16',3),(776,-13,48,22,'01/20',5),(777,1,26,15,'07/15',29),(778,-4,30,10,'05/16',13),(779,-9,27,25,'11/19',52),(780,-12,47,23,'07/17',51),(781,-13,14,12,'08/17',99),(782,-6,21,13,'02/18',20),(783,-9,36,12,'02/16',28),(784,-11,29,14,'04/19',85),(785,-10,20,17,'02/16',69),(786,-5,32,20,'04/16',92),(787,-5,27,14,'02/18',57),(788,2,32,17,'09/16',73),(789,-10,17,10,'02/17',57),(790,-2,22,21,'09/19',80),(791,-14,25,24,'04/17',18),(792,-7,24,14,'07/15',51),(793,0,37,24,'03/19',39),(794,-6,32,26,'01/19',5),(795,0,35,15,'06/18',34),(796,-3,22,19,'05/18',14),(797,-14,22,20,'06/15',82),(798,-14,23,22,'01/17',40),(799,-8,22,20,'02/16',65),(800,-3,38,24,'11/19',95),(801,2,24,16,'01/17',39),(802,-11,25,15,'08/18',68),(803,1,41,28,'06/16',6),(804,2,34,18,'04/17',32),(805,-12,37,18,'03/17',8),(806,-13,29,26,'04/14',38),(807,2,25,14,'04/17',95),(808,-10,35,18,'08/14',54),(809,1,46,21,'11/18',63),(810,-14,27,26,'09/17',51),(811,-9,45,12,'06/16',17),(812,-11,21,17,'09/17',5),(813,-3,36,27,'06/18',62),(814,-4,21,11,'01/14',68),(815,-13,28,14,'06/19',88),(816,-10,28,22,'12/18',82),(817,-1,30,17,'09/14',54),(818,-11,38,24,'08/18',69),(819,-15,20,12,'10/14',61),(820,-1,18,14,'05/17',31),(821,-15,43,14,'07/18',96),(822,-6,24,11,'08/16',83),(823,-2,32,12,'12/16',43),(824,-5,23,20,'12/15',75),(825,-11,12,11,'05/19',3),(826,-9,26,13,'03/19',87),(827,0,43,16,'03/19',71),(828,-3,23,18,'04/19',89),(829,-10,37,28,'10/19',34),(830,-5,29,14,'01/15',72),(831,-5,22,19,'05/15',95),(832,-10,33,14,'10/15',34),(833,-12,32,19,'04/16',22),(834,2,34,11,'12/16',67),(835,-9,22,12,'11/16',100),(836,0,26,10,'10/19',70),(837,-5,46,26,'03/16',64),(838,-7,30,18,'09/19',84),(839,-13,26,18,'04/17',54),(840,-13,18,16,'11/17',17),(841,-14,18,17,'11/15',30),(842,1,28,23,'03/19',93),(843,-9,29,19,'10/14',29),(844,-14,40,24,'03/15',45),(845,-5,28,23,'07/16',54),(846,-9,24,8,'10/19',22),(847,-13,27,13,'04/14',60),(848,-9,16,14,'08/18',43),(849,-10,28,27,'12/18',84),(850,-14,34,10,'02/17',2),(851,-2,42,12,'11/16',48),(852,-11,33,23,'11/14',19),(853,-6,26,13,'05/18',3),(854,1,24,19,'12/14',57),(855,-8,27,12,'01/18',59),(856,-8,48,28,'10/16',62),(857,-11,27,21,'08/19',28),(858,-5,32,15,'07/19',28),(859,-14,29,8,'12/18',58),(860,-4,23,12,'03/19',85),(861,-8,38,21,'10/16',78),(862,-6,18,17,'04/17',60),(863,-15,29,20,'02/17',4),(864,-1,47,14,'04/14',27),(865,-11,30,13,'10/14',85),(866,-9,29,27,'11/15',4),(867,0,13,7,'03/15',47),(868,-5,26,24,'08/16',29),(869,-15,33,26,'09/18',24),(870,-15,27,23,'02/14',60),(871,-8,44,25,'03/15',28),(872,1,27,22,'02/17',12),(873,-10,32,25,'09/18',73),(874,-1,29,25,'08/14',76),(875,-4,27,21,'03/14',25),(876,2,20,18,'12/16',43),(877,-2,37,22,'07/17',7),(878,0,19,13,'09/16',11),(879,1,20,13,'12/19',76),(880,-13,30,12,'08/18',23),(881,-8,28,17,'02/17',23),(882,-2,21,10,'03/16',61),(883,-6,28,10,'12/19',21),(884,-10,18,17,'09/19',8),(885,0,42,27,'05/14',21),(886,-9,38,15,'07/18',4),(887,-6,40,10,'03/18',94),(888,0,26,13,'06/15',23),(889,-7,13,12,'01/17',18),(890,-15,14,11,'02/16',72),(891,-5,11,10,'01/14',66),(892,2,46,19,'01/14',72),(893,-8,43,24,'10/18',50),(894,-9,25,17,'05/19',89),(895,-10,26,19,'09/16',8),(896,-13,38,28,'02/16',17),(897,0,16,15,'10/14',55),(898,-15,35,12,'09/16',19),(899,-4,26,11,'03/19',63),(900,-1,44,24,'06/17',18);
/*!40000 ALTER TABLE `temperature` ENABLE KEYS */;
UNLOCK TABLES;

--
-- Table structure for table `terrain`
--

DROP TABLE IF EXISTS `terrain`;
/*!40101 SET @saved_cs_client     = @@character_set_client */;
 SET character_set_client = utf8mb4 ;
CREATE TABLE `terrain` (
  `idterrain` int(10) unsigned NOT NULL AUTO_INCREMENT,
  `surface` float unsigned NOT NULL,
  `longitude` float NOT NULL,
  `latitude` float NOT NULL,
  `fktype_terre` int(10) unsigned NOT NULL,
  `idprecipitations` int(10) DEFAULT NULL,
  `idtemperature` int(10) DEFAULT NULL,
  PRIMARY KEY (`idterrain`),
  UNIQUE KEY `longitude_UNIQUE` (`longitude`),
  UNIQUE KEY `latitude_UNIQUE` (`latitude`),
  KEY `type_terre_idx` (`fktype_terre`),
  KEY `FK_idprecipitations_terrain` (`idprecipitations`),
  KEY `FK_idtemperature_terrain` (`idtemperature`),
  CONSTRAINT `FK_idprecipitations_terrain` FOREIGN KEY (`idprecipitations`) REFERENCES `precipitations` (`idprecipitations`),
  CONSTRAINT `FK_idtemperature_terrain` FOREIGN KEY (`idtemperature`) REFERENCES `temperature` (`idtemperature`),
  CONSTRAINT `type_terre` FOREIGN KEY (`fktype_terre`) REFERENCES `type_terre` (`idtype_terre`)
) ENGINE=InnoDB AUTO_INCREMENT=101 DEFAULT CHARSET=utf8mb4 COLLATE=utf8mb4_0900_ai_ci;
/*!40101 SET character_set_client = @saved_cs_client */;

--
-- Dumping data for table `terrain`
--

LOCK TABLES `terrain` WRITE;
/*!40000 ALTER TABLE `terrain` DISABLE KEYS */;
INSERT INTO `terrain` VALUES (1,41,-179.58,43.0156,4,NULL,NULL),(2,98,-58.1879,23.1834,6,NULL,NULL),(3,56,142.528,41.9033,2,NULL,NULL),(4,40,-135.296,-53.752,3,NULL,NULL),(5,56,61.3998,62.9863,6,NULL,NULL),(6,67,-77.0107,-10.0407,5,NULL,NULL),(7,60,-46.4744,76.1602,1,NULL,NULL),(8,70,114.779,-72.9892,1,NULL,NULL),(9,29,29.6616,11.2414,7,NULL,NULL),(10,19,-135.317,62.6337,6,NULL,NULL),(11,80,158.96,30.7209,5,NULL,NULL),(12,90,94.348,25.8563,6,NULL,NULL),(13,40,140.711,-32.0275,6,NULL,NULL),(14,110,95.2207,87.0233,7,NULL,NULL),(15,37,174.107,89.652,3,NULL,NULL),(16,46,-167.393,76.1188,2,NULL,NULL),(17,36,-25.0544,-9.13898,5,NULL,NULL),(18,42,146.373,-67.0629,1,NULL,NULL),(19,60,-114.754,34.8587,2,NULL,NULL),(20,71,87.4072,25.8832,1,NULL,NULL),(21,32,129.458,-79.1068,1,NULL,NULL),(22,37,82.9781,67.2842,5,NULL,NULL),(23,40,-143.101,-19.0645,1,NULL,NULL),(24,61,-59.1353,-81.6283,6,NULL,NULL),(25,110,-101.243,7.88145,4,NULL,NULL),(26,2,110.425,-37.1537,3,NULL,NULL),(27,3,31.1863,-83.6486,5,NULL,NULL),(28,18,-97.4703,-35.9137,3,NULL,NULL),(29,20,-119.245,-8.56202,3,NULL,NULL),(30,6,-122.13,7.4147,1,NULL,NULL),(31,1,152.071,-84.6775,6,NULL,NULL),(32,11,175.922,31.5103,7,NULL,NULL),(33,1,131.245,81.4489,4,NULL,NULL),(34,6,-9.0076,-85.5365,6,NULL,NULL),(35,1,131.932,34.2098,4,NULL,NULL),(36,6,5.12934,-29.9208,1,NULL,NULL),(37,16,-13.2733,-73.2985,1,NULL,NULL),(38,19,121.949,-87.6092,1,NULL,NULL),(39,12,21.7895,44.3592,3,NULL,NULL),(40,19,100.486,40.629,5,NULL,NULL),(41,15,2.29075,69.4754,4,NULL,NULL),(42,12,-157.574,15.7398,5,NULL,NULL),(43,6,61.8383,-50.3818,7,NULL,NULL),(44,3,-116.272,-41.7456,2,NULL,NULL),(45,16,58.1034,-69.1046,6,NULL,NULL),(46,18,18.7856,-38.4504,7,NULL,NULL),(47,20,42.3597,32.0255,5,NULL,NULL),(48,8,-40.1974,60.6886,4,NULL,NULL),(49,9,77.0869,89.0083,5,NULL,NULL),(50,8,-103.417,-87.644,3,NULL,NULL),(51,7,-33.3325,26.7479,1,NULL,NULL),(52,15,-169.406,31.4869,5,NULL,NULL),(53,4,11.2383,-70.8378,2,NULL,NULL),(54,18,-111.177,-31.9032,5,NULL,NULL),(55,18,-23.817,84.8801,2,NULL,NULL),(56,15,-166.212,41.9837,1,NULL,NULL),(57,17,-24.4936,-19.4589,6,NULL,NULL),(58,9,-172.278,2.41077,4,NULL,NULL),(59,8,71.1534,59.4445,1,NULL,NULL),(60,13,92.5413,59.1701,5,NULL,NULL),(61,17,100.54,23.6962,5,NULL,NULL),(62,3,-60.926,82.0651,4,NULL,NULL),(63,16,2.35721,-44.3335,5,NULL,NULL),(64,18,-156.042,-30.6976,5,NULL,NULL),(65,20,117.775,75.6933,3,NULL,NULL),(66,16,-12.3199,-53.3124,1,NULL,NULL),(67,8,65.7968,-56.6422,1,NULL,NULL),(68,6,-131.346,-41.4791,6,NULL,NULL),(69,17,-36.7068,75.1774,1,NULL,NULL),(70,20,33.0431,-87.8836,5,NULL,NULL),(71,17,157.824,-40.9911,6,NULL,NULL),(72,5,-147.797,3.23014,6,NULL,NULL),(73,20,70.3302,-73.4522,5,NULL,NULL),(74,10,-137.332,-34.4636,4,NULL,NULL),(75,13,73.6623,-13.0003,3,NULL,NULL),(76,10,-147.845,-51.4447,1,NULL,NULL),(77,9,-132.23,-2.22956,5,NULL,NULL),(78,8,-125.854,-43.8428,3,NULL,NULL),(79,15,-169.781,52.2318,4,NULL,NULL),(80,17,-73.1161,80.0824,1,NULL,NULL),(81,9,111.921,52.9021,2,NULL,NULL),(82,15,20.4666,48.2932,3,NULL,NULL),(83,3,19.4838,48.5012,6,NULL,NULL),(84,17,-61.6695,-58.5626,1,NULL,NULL),(85,5,-45.011,5.81924,1,NULL,NULL),(86,4,174.01,24.0576,7,NULL,NULL),(87,14,-94.7986,-16.2278,7,NULL,NULL),(88,10,-68.996,22.7646,6,NULL,NULL),(89,1,133.408,-49.2053,1,NULL,NULL),(90,15,-59.218,-7.11073,1,NULL,NULL),(91,9,98.9702,52.3732,1,NULL,NULL),(92,13,-29.9397,12.5926,2,NULL,NULL),(93,17,-44.674,27.5186,4,NULL,NULL),(94,10,-142.239,-49.863,3,NULL,NULL),(95,10,126.195,77.1911,7,NULL,NULL),(96,10,87.9997,-73.2301,5,NULL,NULL),(97,6,12.673,-34.0381,7,NULL,NULL),(98,11,87.8304,77.597,4,NULL,NULL),(99,6,153.48,-27.3347,7,NULL,NULL),(100,20,-38.5757,-38.8381,6,NULL,NULL);
/*!40000 ALTER TABLE `terrain` ENABLE KEYS */;
UNLOCK TABLES;

--
-- Table structure for table `traitement`
--

DROP TABLE IF EXISTS `traitement`;
/*!40101 SET @saved_cs_client     = @@character_set_client */;
 SET character_set_client = utf8mb4 ;
CREATE TABLE `traitement` (
  `fkproduit` int(10) unsigned NOT NULL,
  `fkculture` int(10) unsigned NOT NULL,
  `qtx` smallint(6) unsigned NOT NULL COMMENT 'en kg',
  PRIMARY KEY (`fkproduit`,`fkculture`),
  KEY `culture_idx` (`fkculture`),
  CONSTRAINT `culture` FOREIGN KEY (`fkculture`) REFERENCES `culture` (`idculture`),
  CONSTRAINT `produit` FOREIGN KEY (`fkproduit`) REFERENCES `produit` (`idproduit`)
) ENGINE=InnoDB DEFAULT CHARSET=utf8mb4 COLLATE=utf8mb4_0900_ai_ci;
/*!40101 SET character_set_client = @saved_cs_client */;

--
-- Dumping data for table `traitement`
--

LOCK TABLES `traitement` WRITE;
/*!40000 ALTER TABLE `traitement` DISABLE KEYS */;
INSERT INTO `traitement` VALUES (1,995,385),(1,1026,381),(1,1072,799),(1,1106,396),(1,1116,204),(1,1158,543),(1,1179,112),(1,1192,108),(1,1224,173),(1,1276,283),(1,1297,101),(1,1318,340),(1,1340,466),(2,971,220),(2,978,127),(2,1092,495),(2,1312,278),(2,1334,71),(3,1072,674),(3,1127,236),(3,1130,93),(3,1164,352),(3,1210,323),(3,1217,171),(3,1231,94),(3,1252,395),(3,1296,629),(3,1352,65),(3,1355,319),(3,1359,356),(3,1380,543),(4,1027,110),(4,1054,137),(4,1120,323),(4,1147,313),(4,1155,177),(4,1156,699),(4,1201,147),(4,1202,753),(4,1245,750),(4,1252,717),(4,1260,539),(4,1266,97),(4,1280,171),(4,1327,517),(5,1011,333),(5,1035,224),(5,1103,367),(5,1140,234),(5,1180,725),(5,1220,188),(5,1221,486),(5,1340,77),(5,1344,591),(5,1363,55),(5,1366,543),(6,1038,480),(6,1068,585),(6,1072,272),(6,1080,586),(6,1081,69),(6,1129,252),(6,1130,428),(6,1132,738),(6,1162,164),(6,1170,440),(6,1212,266),(6,1297,443),(6,1324,149),(6,1351,342),(7,992,22),(7,1031,506),(7,1087,642),(7,1125,449),(7,1216,141),(7,1230,163),(8,1018,691),(8,1032,265),(8,1036,296),(8,1049,511),(8,1133,676),(8,1152,85),(8,1175,277),(8,1177,24),(8,1191,731),(8,1202,60),(8,1207,149),(8,1266,80),(8,1272,311),(8,1352,112),(8,1378,388),(9,1002,458),(9,1039,782),(9,1044,354),(9,1045,502),(9,1087,191),(9,1108,143),(9,1116,553),(9,1168,366),(9,1171,407),(9,1206,93),(9,1213,223),(9,1215,455),(9,1282,690),(9,1284,157),(9,1288,335),(9,1370,29),(9,1386,262),(10,1041,305),(10,1047,445),(10,1129,204),(10,1133,24),(10,1146,535),(10,1204,429),(10,1243,280),(10,1318,484),(10,1356,739),(11,1048,260),(11,1050,217),(11,1051,229),(11,1099,259),(11,1177,396),(11,1200,58),(11,1245,516),(11,1288,100),(11,1306,421),(12,1070,346),(12,1132,94),(12,1152,164),(12,1217,752),(12,1396,294),(13,1017,155),(13,1023,70),(13,1048,474),(13,1051,53),(13,1062,50),(13,1079,286),(13,1088,399),(13,1105,290),(13,1182,793),(13,1219,151),(13,1236,204),(13,1261,543),(13,1282,606),(13,1295,397),(13,1331,381),(13,1382,642),(14,1001,219),(14,1013,475),(14,1050,240),(14,1051,317),(14,1064,636),(14,1095,511),(14,1154,774),(14,1170,271),(14,1208,59),(14,1226,323),(14,1278,412),(14,1346,315),(14,1370,477),(15,971,272),(15,1003,667),(15,1007,216),(15,1038,209),(15,1053,413),(15,1077,39),(15,1078,91),(15,1115,662),(15,1126,91),(15,1135,474),(15,1207,209),(15,1209,171),(15,1216,765),(15,1276,184),(15,1381,656),(15,1393,141),(16,1034,528),(16,1092,307),(16,1096,260),(16,1192,410),(16,1219,468),(16,1252,327),(16,1257,340),(16,1325,401),(16,1336,487),(16,1387,665),(16,1391,560),(17,1062,307),(17,1137,420),(17,1177,311),(17,1222,126),(17,1292,360),(17,1364,23),(17,1396,445);
/*!40000 ALTER TABLE `traitement` ENABLE KEYS */;
UNLOCK TABLES;

--
-- Table structure for table `type_plante`
--

DROP TABLE IF EXISTS `type_plante`;
/*!40101 SET @saved_cs_client     = @@character_set_client */;
 SET character_set_client = utf8mb4 ;
CREATE TABLE `type_plante` (
  `idtype_plante` int(10) unsigned NOT NULL AUTO_INCREMENT,
  `nom` varchar(45) NOT NULL,
  PRIMARY KEY (`idtype_plante`)
) ENGINE=InnoDB AUTO_INCREMENT=2 DEFAULT CHARSET=utf8mb4 COLLATE=utf8mb4_0900_ai_ci;
/*!40101 SET character_set_client = @saved_cs_client */;

--
-- Dumping data for table `type_plante`
--

LOCK TABLES `type_plante` WRITE;
/*!40000 ALTER TABLE `type_plante` DISABLE KEYS */;
INSERT INTO `type_plante` VALUES (1,'cereale');
/*!40000 ALTER TABLE `type_plante` ENABLE KEYS */;
UNLOCK TABLES;

--
-- Table structure for table `type_terre`
--

DROP TABLE IF EXISTS `type_terre`;
/*!40101 SET @saved_cs_client     = @@character_set_client */;
 SET character_set_client = utf8mb4 ;
CREATE TABLE `type_terre` (
  `idtype_terre` int(10) unsigned NOT NULL AUTO_INCREMENT,
  `nom` varchar(45) NOT NULL,
  PRIMARY KEY (`idtype_terre`),
  UNIQUE KEY `nom_UNIQUE` (`nom`)
) ENGINE=InnoDB AUTO_INCREMENT=8 DEFAULT CHARSET=utf8mb4 COLLATE=utf8mb4_0900_ai_ci;
/*!40101 SET character_set_client = @saved_cs_client */;

--
-- Dumping data for table `type_terre`
--

LOCK TABLES `type_terre` WRITE;
/*!40000 ALTER TABLE `type_terre` DISABLE KEYS */;
INSERT INTO `type_terre` VALUES (1,'argileux'),(3,'calcaire'),(7,'franche'),(4,'humifere'),(2,'sablonneux'),(6,'siliceuse'),(5,'tourbeux');
/*!40000 ALTER TABLE `type_terre` ENABLE KEYS */;
UNLOCK TABLES;
/*!40103 SET TIME_ZONE=@OLD_TIME_ZONE */;

/*!40101 SET SQL_MODE=@OLD_SQL_MODE */;
/*!40014 SET FOREIGN_KEY_CHECKS=@OLD_FOREIGN_KEY_CHECKS */;
/*!40014 SET UNIQUE_CHECKS=@OLD_UNIQUE_CHECKS */;
/*!40101 SET CHARACTER_SET_CLIENT=@OLD_CHARACTER_SET_CLIENT */;
/*!40101 SET CHARACTER_SET_RESULTS=@OLD_CHARACTER_SET_RESULTS */;
/*!40101 SET COLLATION_CONNECTION=@OLD_COLLATION_CONNECTION */;
/*!40111 SET SQL_NOTES=@OLD_SQL_NOTES */;

-- Dump completed on 2019-01-13 20:25:24
